keyword,language,topicCluster,isRelevant,sources,priorityHint,sourceCount,demandConfidence,recommendation
ai instagram post generator,en,instagram_carousel,True,"['google_trends_rising', 'google_trends_top', 'gsc']",11.0,3,high,candidate
ai carousel generator,en,ai_carousel,True,"['google_trends_rising', 'google_trends_top', 'gsc']",7.29,3,high,candidate
carousel on instagram,en,instagram_carousel,True,"['google_trends_rising', 'google_trends_top']",7.0,2,high,candidate
google ai,en,ai_content,True,"['google_trends_rising', 'google_trends_top']",7.0,2,high,candidate
how to post carousel on linkedin,en,linkedin_carousel,True,"['google_trends_rising', 'google_trends_top']",7.0,2,high,candidate
linkedin carousel post,en,linkedin_carousel,True,"['google_trends_rising', 'google_trends_top']",7.0,2,high,candidate
social media post ideas for business,en,social_content,True,"['google_trends_rising', 'google_trends_top']",7.0,2,high,candidate
ai generated content,en,ai_content,True,"['google_trends_rising', 'google_trends_top']",6.98,2,high,candidate
how to post a carousel on linkedin,en,linkedin_carousel,True,"['google_trends_rising', 'google_trends_top']",6.9399999999999995,2,high,candidate
carousel post linkedin,en,linkedin_carousel,True,"['google_trends_rising', 'google_trends_top']",6.92,2,high,candidate
carousel instagram post,en,instagram_carousel,True,"['google_trends_rising', 'google_trends_top']",6.86,2,high,candidate
instagram carousel post,en,instagram_carousel,True,"['google_trends_rising', 'google_trends_top']",6.78,2,high,candidate
carousel post,en,carousel_general,True,"['google_trends_rising', 'google_trends_top']",6.76,2,high,candidate
carousel post instagram,en,instagram_carousel,True,"['google_trends_rising', 'google_trends_top']",6.76,2,high,candidate
instagram post carousel,en,instagram_carousel,True,"['google_trends_rising', 'google_trends_top']",6.76,2,high,candidate
ai post generator free,en,social_content,True,"['google_trends_rising', 'google_trends_top']",6.6,2,high,candidate
carousel on linkedin,en,linkedin_carousel,True,"['google_trends_rising', 'google_trends_top']",6.58,2,high,candidate
linkedin pdf carousel,en,linkedin_carousel,True,"['google_trends_rising', 'google_trends_top']",6.58,2,high,candidate
ai content marketing,en,ai_content,True,"['google_trends_rising', 'google_trends_top']",6.42,2,high,candidate
ai linkedin post generator,en,linkedin_carousel,True,"['google_trends_rising', 'google_trends_top']",6.32,2,high,candidate
ai content generator,en,ai_content,True,"['google_trends_rising', 'google_trends_top', 'gsc']",6.16,3,high,candidate
ai content creation,en,ai_content,True,"['google_trends_rising', 'google_trends_top']",5.92,2,high,candidate
ai content creator,en,ai_content,True,"['google_trends_rising', 'google_trends_top']",5.84,2,high,candidate
how to create a carousel post on linkedin,en,linkedin_carousel,True,"['google_trends_rising', 'google_trends_top']",5.8,2,high,candidate
wednesday social media post ideas,en,social_content,True,"['google_trends_rising', 'google_trends_top']",5.8,2,high,candidate
linkedin,en,linkedin_carousel,True,"['google_trends_rising', 'google_trends_top']",5.78,2,high,candidate
ai social media post generator,en,social_content,True,"['google_trends_rising', 'google_trends_top']",5.76,2,high,candidate
carousel posts instagram,en,instagram_carousel,True,"['google_trends_rising', 'google_trends_top']",5.68,2,high,candidate
instagram carousel posts,en,instagram_carousel,True,"['google_trends_rising', 'google_trends_top']",5.68,2,high,candidate
instagram post size,en,instagram_carousel,True,"['google_trends_rising', 'google_trends_top']",5.66,2,high,candidate
ai facebook post generator,en,social_content,True,"['google_trends_rising', 'google_trends_top']",5.62,2,high,candidate
instagram post generator free,en,instagram_carousel,True,"['google_trends_rising', 'google_trends_top']",5.5600000000000005,2,high,candidate
ai content writing,en,ai_content,True,"['google_trends_rising', 'google_trends_top']",5.54,2,high,candidate
best time to post on instagram,en,instagram_carousel,True,"['google_trends_rising', 'google_trends_top']",5.52,2,high,candidate
instagram carousel size,en,instagram_carousel,True,"['google_trends_rising', 'google_trends_top']",5.5,2,high,candidate
instagram size,en,instagram_carousel,True,"['google_trends_rising', 'google_trends_top']",5.5,2,high,candidate
ai content detection,en,ai_content,True,"['google_trends_rising', 'google_trends_top']",5.48,2,high,candidate
instagram post template,en,instagram_carousel,True,"['google_trends_rising', 'google_trends_top']",5.48,2,high,candidate
linkedin carousel ads,en,linkedin_carousel,True,"['google_trends_rising', 'google_trends_top']",5.48,2,high,candidate
instagram font generator,en,instagram_carousel,True,"['google_trends_rising', 'google_trends_top']",5.44,2,high,candidate
what is a carousel,en,carousel_general,True,"['google_trends_rising', 'google_trends_top']",5.42,2,high,candidate
ai mode,en,ai_content,True,"['google_trends_rising', 'google_trends_top']",5.4,2,high,candidate
how to make instagram carousel,en,instagram_carousel,True,"['google_trends_rising', 'google_trends_top']",5.4,2,high,candidate
how to post carousel on instagram,en,instagram_carousel,True,"['google_trends_rising', 'google_trends_top']",5.38,2,high,candidate
linkedin carousel size,en,linkedin_carousel,True,"['google_trends_rising', 'google_trends_top']",5.38,2,high,candidate
how to make carousel on instagram,en,instagram_carousel,True,"['google_trends_rising', 'google_trends_top']",5.34,2,high,candidate
free ai social media post generator,en,social_content,True,"['google_trends_rising', 'google_trends_top']",5.32,2,high,candidate
ai picture generator,en,ai_content,True,"['google_trends_rising', 'google_trends_top']",5.3,2,high,candidate
carousel instagram template,en,instagram_carousel,True,"['google_trends_rising', 'google_trends_top']",5.28,2,high,candidate
linkedin carousel dimensions,en,linkedin_carousel,True,"['google_trends_rising', 'google_trends_top']",5.28,2,high,candidate
how to post a carousel on instagram,en,instagram_carousel,True,"['google_trends_rising', 'google_trends_top']",5.26,2,high,candidate
linkedin carousel post size,en,linkedin_carousel,True,"['google_trends_rising', 'google_trends_top']",5.24,2,high,candidate
ai blog post generator,en,social_content,True,"['google_trends_rising', 'google_trends_top']",5.22,2,high,candidate
how to make a carousel on instagram,en,instagram_carousel,True,"['google_trends_rising', 'google_trends_top']",5.22,2,high,candidate
what is a carousel on instagram,en,instagram_carousel,True,"['google_trends_rising', 'google_trends_top']",5.22,2,high,candidate
instagram carousel aspect ratio,en,instagram_carousel,True,"['google_trends_rising', 'google_trends_top']",5.2,2,high,candidate
instagram seamless carousel,en,instagram_carousel,True,"['google_trends_rising', 'google_trends_top']",5.18,2,high,candidate
linkedin carousel post examples,en,linkedin_carousel,True,"['google_trends_rising', 'google_trends_top']",5.16,2,high,candidate
seamless instagram carousel,en,instagram_carousel,True,"['google_trends_rising', 'google_trends_top']",5.16,2,high,candidate
carousel of progress,en,carousel_general,True,"['google_trends_rising', 'google_trends_top']",5.15,2,high,candidate
free ai instagram post generator,en,instagram_carousel,True,"['google_trends_rising', 'google_trends_top', 'gsc']",5.1499999999999995,3,high,candidate
instagram carousel ads,en,instagram_carousel,True,"['google_trends_rising', 'google_trends_top']",5.14,2,high,candidate
seamless carousel instagram,en,instagram_carousel,True,"['google_trends_rising', 'google_trends_top']",5.14,2,high,candidate
what is a carousel post,en,carousel_general,True,"['google_trends_rising', 'google_trends_top']",5.14,2,high,candidate
best ai tools for content creation,en,ai_content,True,"['google_trends_rising', 'google_trends_top']",5.1,2,high,candidate
how to create a carousel on instagram,en,instagram_carousel,True,"['google_trends_rising', 'google_trends_top']",5.1,2,high,candidate
how to make carousel post on instagram,en,instagram_carousel,True,"['google_trends_rising', 'google_trends_top']",5.1,2,high,candidate
instagram carousel collage,en,instagram_carousel,True,"['google_trends_rising', 'google_trends_top']",5.1,2,high,candidate
instagram carousel maker,en,instagram_carousel,True,"['google_trends_rising', 'google_trends_top']",5.1,2,high,candidate
ai checker,en,ai_content,True,"['google_trends_rising', 'google_trends_top']",5.08,2,high,candidate
ai content checker,en,ai_content,True,"['google_trends_rising', 'google_trends_top']",5.08,2,high,candidate
carousel meaning on instagram,en,instagram_carousel,True,"['google_trends_rising', 'google_trends_top']",5.08,2,high,candidate
how do i post a carousel on instagram,en,instagram_carousel,True,"['google_trends_rising', 'google_trends_top']",5.08,2,high,candidate
instagram caption generator,en,instagram_carousel,True,"['google_trends_rising', 'google_trends_top']",5.08,2,high,candidate
ai social media post generator free,en,social_content,True,"['google_trends_rising', 'google_trends_top']",5.06,2,high,candidate
candy ai,en,ai_content,True,"['google_trends_rising', 'google_trends_top']",5.06,2,high,candidate
instagram post mockup generator,en,instagram_carousel,True,"['google_trends_rising', 'google_trends_top']",5.06,2,high,candidate
discussion post generator,en,social_content,True,"['google_trends_rising', 'google_trends_top']",5.04,2,high,candidate
ai poster generator,en,ai_content,True,"['google_trends_rising', 'google_trends_top']",5.02,2,high,candidate
best day to post on instagram,en,instagram_carousel,True,"['google_trends_rising', 'google_trends_top']",5.02,2,high,candidate
linkedin carousel ad examples,en,linkedin_carousel,True,"['google_trends_rising', 'google_trends_top']",5.02,2,high,candidate
linkedin carousel ad specs,en,linkedin_carousel,True,"['google_trends_rising', 'google_trends_top']",5.02,2,high,candidate
ии для постов,ru,social_content,True,['yandex_wordstat'],5.0,1,medium,candidate
нейросеть для постов,ru,social_content,True,['yandex_wordstat'],5.0,1,medium,candidate
content generator,en,ai_content,True,['gsc'],5.0,1,medium,candidate
карусель для инстаграм,ru,instagram_carousel,True,['yandex_wordstat'],4.766,1,medium,candidate
linkedin carousel,en,linkedin_carousel,True,['google_trends_top'],4.0,1,medium,candidate
what is instagram carousel,en,instagram_carousel,True,['google_trends_top'],3.38,1,medium,candidate
canva carousel,en,carousel_general,True,['google_trends_top'],3.22,1,medium,candidate
instagram carousel canva,en,instagram_carousel,True,['google_trends_top'],3.2,1,medium,candidate
instagram video carousel,en,instagram_carousel,True,['google_trends_top'],3.2,1,medium,candidate
canva instagram carousel,en,instagram_carousel,True,['google_trends_top'],3.19,1,medium,candidate
instagram carousel app,en,instagram_carousel,True,['google_trends_top'],3.18,1,medium,candidate
what is carousel on instagram,en,instagram_carousel,True,['google_trends_top'],3.14,1,medium,candidate
what is carousel in instagram,en,instagram_carousel,True,['google_trends_top'],3.13,1,medium,candidate
ai content creation tools,en,ai_content,True,['google_trends_top'],3.11,1,medium,candidate
ai content writer,en,ai_content,True,['google_trends_top'],3.11,1,medium,candidate
carousel meaning,en,carousel_general,True,['google_trends_top'],3.11,1,medium,candidate
instagram carousel template,en,instagram_carousel,True,['google_trends_top'],3.11,1,medium,candidate
carousel instagram meaning,en,instagram_carousel,True,['google_trends_top'],3.1,1,medium,candidate
carousel meaning instagram,en,instagram_carousel,True,['google_trends_top'],3.1,1,medium,candidate
content writer ai,en,ai_content,True,['google_trends_top'],3.1,1,medium,candidate
instagram carousel size 2026,en,instagram_carousel,True,['google_trends_top'],3.09,1,medium,candidate
instagram carousel examples,en,instagram_carousel,True,['google_trends_top'],3.07,1,medium,candidate
what is an instagram carousel,en,instagram_carousel,True,['google_trends_top'],3.06,1,medium,candidate
what is a carousel post on instagram,en,instagram_carousel,True,['google_trends_top'],3.05,1,medium,candidate
instagram carousel dimensions,en,instagram_carousel,True,['google_trends_top'],3.04,1,medium,candidate
how to humanize ai content,en,ai_content,True,['google_trends_top'],3.01,1,medium,candidate
создание каруселей ии готофлов,ru,ai_carousel,True,['yandex_webmaster'],3.0,1,medium,candidate
карусель ии,ru,ai_carousel,True,['yandex_wordstat'],2.686,1,medium,candidate
instagram post generator,en,instagram_carousel,True,['gsc'],2.65,1,medium,candidate
как сделать карусель в инстаграм,ru,instagram_carousel,True,['yandex_wordstat'],2.18,1,medium,candidate
carousel collage instagram,en,instagram_carousel,True,['google_trends_rising'],2.03,1,medium,candidate
how to create carousel post on instagram,en,instagram_carousel,True,['google_trends_rising'],2.03,1,medium,candidate
how to do a carousel post on instagram,en,instagram_carousel,True,['google_trends_rising'],2.03,1,medium,candidate
how to make an instagram carousel,en,instagram_carousel,True,['google_trends_rising'],2.03,1,medium,candidate
seamless carousel instagram canva,en,instagram_carousel,True,['google_trends_rising'],2.03,1,medium,candidate
instagram carousel mockup,en,instagram_carousel,True,['google_trends_rising'],2.02,1,medium,candidate
instagram post dimensions,en,instagram_carousel,True,['google_trends_rising'],2.02,1,medium,candidate
what is an instagram carousel post,en,instagram_carousel,True,['google_trends_rising'],2.02,1,medium,candidate
what's an instagram carousel,en,instagram_carousel,True,['google_trends_rising'],2.02,1,medium,candidate
how to make seamless carousel instagram,en,instagram_carousel,True,['google_trends_rising'],2.01,1,medium,candidate
which ai focuses on classifying or identifying content that is based on preexisting data?,en,ai_content,True,['google_trends_rising'],2.01,1,medium,candidate
download instagram carousel images,en,instagram_carousel,True,['google_trends_rising'],2.0,1,medium,candidate
how many images in an instagram carousel,en,instagram_carousel,True,['google_trends_rising'],2.0,1,medium,candidate
instagram carousel cutter,en,instagram_carousel,True,['google_trends_rising'],2.0,1,medium,candidate
создать пост карусель ии,ru,ai_carousel,True,"['yandex_webmaster', 'yandex_wordstat']",1.076,2,medium,candidate
карусель фото в инстаграм,ru,instagram_carousel,True,['yandex_wordstat'],1.974,1,low,hold_or_filter
посты карусели в инстаграм,ru,instagram_carousel,True,['yandex_wordstat'],1.656,1,low,hold_or_filter
ии пост для соцсетей,ru,social_content,True,['yandex_wordstat'],1.554,1,low,hold_or_filter
генерация постов каруселей,ru,carousel_general,True,['yandex_webmaster'],1.5,1,low,hold_or_filter
ai carousel maker,en,ai_carousel,True,['gsc'],1.35,1,low,hold_or_filter
нейросеть посты для соцсетей,ru,social_content,True,['yandex_wordstat'],1.348,1,low,hold_or_filter
формат карусели в инстаграм,ru,instagram_carousel,True,['yandex_wordstat'],1.304,1,low,hold_or_filter
размер карусели в инстаграм,ru,instagram_carousel,True,['yandex_wordstat'],1.29,1,low,hold_or_filter
instagram posts generator,en,instagram_carousel,True,['gsc'],1.2,1,low,hold_or_filter
нейросеть для постов бесплатно,ru,social_content,True,['yandex_wordstat'],1.15,1,low,hold_or_filter
ии для написания постов,ru,social_content,True,['yandex_wordstat'],1.148,1,low,hold_or_filter
нейросеть для написания постов,ru,social_content,True,['yandex_wordstat'],1.1,1,low,hold_or_filter
написать пост для нейросети,ru,social_content,True,['yandex_wordstat'],1.096,1,low,hold_or_filter
carousel generator ai,en,ai_carousel,True,['gsc'],1.05,1,low,hold_or_filter
текст для поста нейросеть,ru,social_content,True,['yandex_wordstat'],1.014,1,low,hold_or_filter
создать пост карусель онлайн,ru,carousel_general,True,['yandex_webmaster'],1.0,1,low,hold_or_filter
linkedin carousel generator,en,linkedin_carousel,True,['gsc'],0.95,1,low,hold_or_filter
нейросеть для создания постов,ru,social_content,True,['yandex_wordstat'],0.89,1,low,hold_or_filter
ии текст для поста,ru,social_content,True,['yandex_wordstat'],0.842,1,low,hold_or_filter
ии для каруселей,ru,ai_carousel,True,['yandex_wordstat'],0.84,1,low,hold_or_filter
создание каруселей для инстаграм,ru,instagram_carousel,True,['yandex_wordstat'],0.8,1,low,hold_or_filter
нейросеть для генерации поста,ru,social_content,True,['yandex_wordstat'],0.784,1,low,hold_or_filter
ии для создания постов,ru,social_content,True,['yandex_wordstat'],0.754,1,low,hold_or_filter
ии для постов бесплатно,ru,social_content,True,['yandex_wordstat'],0.714,1,low,hold_or_filter
ai for instagram free,en,instagram_carousel,True,['gsc'],0.7,1,low,hold_or_filter
инстаграм рилс карусель,ru,instagram_carousel,True,['yandex_wordstat'],0.674,1,low,hold_or_filter
ai carousel,en,ai_carousel,True,['gsc'],0.65,1,low,hold_or_filter
ai content generator for social media,en,social_content,True,['gsc'],0.65,1,low,hold_or_filter
нейросеть для каруселей,ru,ai_carousel,True,['yandex_wordstat'],0.62,1,low,hold_or_filter
linkedin carousel creator,en,linkedin_carousel,True,['gsc'],0.6,1,low,hold_or_filter
ии для создания постов каруселей,ru,ai_carousel,True,"['yandex_webmaster', 'yandex_wordstat']",0.58,2,low,hold_or_filter
приложение для карусели в инстаграме,ru,instagram_carousel,True,['yandex_wordstat'],0.562,1,low,hold_or_filter
сделать карусель для инстаграм,ru,instagram_carousel,True,['yandex_wordstat'],0.554,1,low,hold_or_filter
linkedin carousel examples,en,linkedin_carousel,True,['gsc'],0.55,1,low,hold_or_filter
ии карусель сделать,ru,ai_carousel,True,['yandex_wordstat'],0.538,1,low,hold_or_filter
что такое карусель в инстаграм,ru,instagram_carousel,True,['yandex_wordstat'],0.518,1,low,hold_or_filter
ai создание каруселей постов,ru,ai_carousel,True,['yandex_webmaster'],0.5,1,low,hold_or_filter
linkedin ai generated content policy,en,linkedin_carousel,True,['yandex_webmaster'],0.5,1,low,hold_or_filter
где делать посты карусели с ии,ru,ai_carousel,True,['yandex_webmaster'],0.5,1,low,hold_or_filter
генерация постов-каруселей,ru,carousel_general,True,['yandex_webmaster'],0.5,1,low,hold_or_filter
ии генератор карусели,ru,ai_carousel,True,['yandex_webmaster'],0.5,1,low,hold_or_filter
ии для постов и каруселей,ru,ai_carousel,True,['yandex_webmaster'],0.5,1,low,hold_or_filter
какой ии создаст пост карусель,ru,ai_carousel,True,['yandex_webmaster'],0.5,1,low,hold_or_filter
посты карусели ии,ru,ai_carousel,True,['yandex_webmaster'],0.5,1,low,hold_or_filter
приложение с ии которое оформит пост карусель,ru,ai_carousel,True,['yandex_webmaster'],0.5,1,low,hold_or_filter
создание постов каруселей ai,ru,ai_carousel,True,['yandex_webmaster'],0.5,1,low,hold_or_filter
создатель карусели для постов бесплатно,ru,carousel_general,True,['yandex_webmaster'],0.5,1,low,hold_or_filter
создать карусель для поста в соцсети ии,ru,ai_carousel,True,['yandex_webmaster'],0.5,1,low,hold_or_filter
создать карусель пост онлайн,ru,carousel_general,True,['yandex_webmaster'],0.5,1,low,hold_or_filter
создать посты карусель аи,ru,carousel_general,True,['yandex_webmaster'],0.5,1,low,hold_or_filter
как сделать карусель рилс в инстаграм,ru,instagram_carousel,True,['yandex_wordstat'],0.49,1,low,hold_or_filter
как выложить карусель в инстаграм,ru,instagram_carousel,True,['yandex_wordstat'],0.486,1,low,hold_or_filter
instagram carousel,en,instagram_carousel,True,['yandex_wordstat'],0.464,1,low,hold_or_filter
пост карусель для инстаграм,ru,instagram_carousel,True,['yandex_wordstat'],0.464,1,low,hold_or_filter
фото для карусели в инстаграм,ru,instagram_carousel,True,['yandex_wordstat'],0.452,1,low,hold_or_filter
посты для вк нейросеть,ru,social_content,True,['yandex_wordstat'],0.436,1,low,hold_or_filter
создать карусель для инстаграм,ru,instagram_carousel,True,['yandex_wordstat'],0.42,1,low,hold_or_filter
ии пост карусель,ru,ai_carousel,True,['yandex_wordstat'],0.416,1,low,hold_or_filter
размер для карусели в инстаграм,ru,instagram_carousel,True,['yandex_wordstat'],0.416,1,low,hold_or_filter
карусель в инстаграм 2026,ru,instagram_carousel,True,['yandex_wordstat'],0.408,1,low,hold_or_filter
ии для постов вк,ru,social_content,True,['yandex_wordstat'],0.404,1,low,hold_or_filter
ai to generate carousel,en,ai_carousel,True,['gsc'],0.4,1,low,hold_or_filter
linkedin hook generator,en,linkedin_carousel,True,['gsc'],0.4,1,low,hold_or_filter
карусель видео инстаграм,ru,instagram_carousel,True,['yandex_wordstat'],0.398,1,low,hold_or_filter
пост для соцсетей нейросеть бесплатно,ru,social_content,True,['yandex_wordstat'],0.384,1,low,hold_or_filter
ии пост для соцсетей написать,ru,social_content,True,['yandex_wordstat'],0.376,1,low,hold_or_filter
как создать карусель в инстаграм,ru,instagram_carousel,True,['yandex_wordstat'],0.37,1,low,hold_or_filter
ии пост для соцсетей бесплатно,ru,social_content,True,['yandex_wordstat'],0.366,1,low,hold_or_filter
как сделать пост карусель в инстаграм,ru,instagram_carousel,True,['yandex_wordstat'],0.364,1,low,hold_or_filter
ии для создания каруселей,ru,ai_carousel,True,['yandex_wordstat'],0.36,1,low,hold_or_filter
ai carousel creator,en,ai_carousel,True,['gsc'],0.35,1,low,hold_or_filter
ai instagram post generator free,en,instagram_carousel,True,['gsc'],0.35,1,low,hold_or_filter
instagram ai generator,en,instagram_carousel,True,['gsc'],0.35,1,low,hold_or_filter
нейросеть для создания каруселей,ru,ai_carousel,True,['yandex_wordstat'],0.346,1,low,hold_or_filter
публикация карусель в инстаграм,ru,instagram_carousel,True,['yandex_wordstat'],0.34,1,low,hold_or_filter
напиши пост для соцсетей с нейросетью,ru,social_content,True,['yandex_wordstat'],0.336,1,low,hold_or_filter
как делать карусель в инстаграм,ru,instagram_carousel,True,['yandex_wordstat'],0.318,1,low,hold_or_filter
добавить фото в карусель инстаграм,ru,instagram_carousel,True,['yandex_wordstat'],0.316,1,low,hold_or_filter
как добавить карусель в инстаграм,ru,instagram_carousel,True,['yandex_wordstat'],0.308,1,low,hold_or_filter
какой размер карусели в инстаграм,ru,instagram_carousel,True,['yandex_wordstat'],0.302,1,low,hold_or_filter
ai for instagram post,en,instagram_carousel,True,['gsc'],0.3,1,low,hold_or_filter
ai for instagram posts,en,instagram_carousel,True,['gsc'],0.3,1,low,hold_or_filter
ai linkedin carousel generator,en,linkedin_carousel,True,['gsc'],0.3,1,low,hold_or_filter
linkedin carousel maker,en,linkedin_carousel,True,['gsc'],0.3,1,low,hold_or_filter
формат для карусели в инстаграм,ru,instagram_carousel,True,['yandex_wordstat'],0.298,1,low,hold_or_filter
ии карусель бесплатно,ru,ai_carousel,True,['yandex_wordstat'],0.292,1,low,hold_or_filter
ии фото для поста,ru,social_content,True,['yandex_wordstat'],0.292,1,low,hold_or_filter
размер поста карусели в инстаграм,ru,instagram_carousel,True,['yandex_wordstat'],0.292,1,low,hold_or_filter
карусели для инстаграм ии,ru,instagram_carousel,True,['yandex_wordstat'],0.29,1,low,hold_or_filter
написать пост для соцсетей с помощью ии,ru,social_content,True,['yandex_wordstat'],0.282,1,low,hold_or_filter
нейросети для генерации текста постов,ru,social_content,True,['yandex_wordstat'],0.28,1,low,hold_or_filter
приложение для создания карусели в инстаграм,ru,instagram_carousel,True,['yandex_wordstat'],0.268,1,low,hold_or_filter
карусель инстаграм сколько фото,ru,instagram_carousel,True,['yandex_wordstat'],0.262,1,low,hold_or_filter
нейросеть для написания текстов постов,ru,social_content,True,['yandex_wordstat'],0.26,1,low,hold_or_filter
carousel ai,en,ai_carousel,True,['gsc'],0.25,1,low,hold_or_filter
создать карусель ии,ru,ai_carousel,True,['yandex_wordstat'],0.246,1,low,hold_or_filter
бесшовная карусель в инстаграм,ru,instagram_carousel,True,['yandex_wordstat'],0.234,1,low,hold_or_filter
написать пост для вк нейросеть,ru,social_content,True,['yandex_wordstat'],0.234,1,low,hold_or_filter
как сделать карусель фото в инстаграм,ru,instagram_carousel,True,['yandex_wordstat'],0.232,1,low,hold_or_filter
карусель для инстаграма бесплатно,ru,instagram_carousel,True,['yandex_wordstat'],0.232,1,low,hold_or_filter
нейросеть для написания постов бесплатно,ru,social_content,True,['yandex_wordstat'],0.23,1,low,hold_or_filter
текст для поста нейросеть бесплатно,ru,social_content,True,['yandex_wordstat'],0.23,1,low,hold_or_filter
ии пост для соц сетей,ru,social_content,True,['yandex_wordstat'],0.226,1,low,hold_or_filter
инстаграм карусель текст,ru,instagram_carousel,True,['yandex_wordstat'],0.224,1,low,hold_or_filter
нейросети идеи для поста,ru,social_content,True,['yandex_wordstat'],0.222,1,low,hold_or_filter
нейросеть для написания постов для соцсетей,ru,social_content,True,['yandex_wordstat'],0.222,1,low,hold_or_filter
ии картинка для поста,ru,social_content,True,['yandex_wordstat'],0.218,1,low,hold_or_filter
картинка для карусели инстаграм,ru,instagram_carousel,True,['yandex_wordstat'],0.218,1,low,hold_or_filter
ai carousels,en,ai_carousel,True,"['gsc', 'yandex_wordstat']",0.214,2,low,hold_or_filter
размер карусели инстаграм 2026,ru,instagram_carousel,True,['yandex_wordstat'],0.208,1,low,hold_or_filter
пост для социальных сетей нейросетью,ru,social_content,True,['yandex_wordstat'],0.204,1,low,hold_or_filter
ai for instagram,en,instagram_carousel,True,['gsc'],0.2,1,low,hold_or_filter
ai generator instagram,en,instagram_carousel,True,['gsc'],0.2,1,low,hold_or_filter
carousel generator,en,carousel_general,True,['gsc'],0.2,1,low,hold_or_filter
content generator for social media,en,social_content,True,['gsc'],0.2,1,low,hold_or_filter
how to make a carousel on linkedin,en,linkedin_carousel,True,['gsc'],0.2,1,low,hold_or_filter
нейросеть карусель инстаграм,ru,instagram_carousel,True,['yandex_wordstat'],0.198,1,low,hold_or_filter
формат карусели в инстаграм 2026,ru,instagram_carousel,True,['yandex_wordstat'],0.198,1,low,hold_or_filter
размер фото для карусели в инстаграм,ru,instagram_carousel,True,['yandex_wordstat'],0.196,1,low,hold_or_filter
шаблоны для карусели в инстаграм,ru,instagram_carousel,True,['yandex_wordstat'],0.194,1,low,hold_or_filter
нейросеть для постов каруселей,ru,ai_carousel,True,['yandex_wordstat'],0.182,1,low,hold_or_filter
нейросеть картинки для поста,ru,social_content,True,['yandex_wordstat'],0.182,1,low,hold_or_filter
написать текст для поста нейросеть,ru,social_content,True,['yandex_wordstat'],0.18,1,low,hold_or_filter
нейросеть для создания текста для постов,ru,social_content,True,['yandex_wordstat'],0.18,1,low,hold_or_filter
формат поста карусели в инстаграм,ru,instagram_carousel,True,['yandex_wordstat'],0.178,1,low,hold_or_filter
ии для генерации постов,ru,social_content,True,['yandex_wordstat'],0.176,1,low,hold_or_filter
карусель фотографий в инстаграм,ru,instagram_carousel,True,['yandex_wordstat'],0.176,1,low,hold_or_filter
нейросеть карусель для инстаграма,ru,instagram_carousel,True,['yandex_wordstat'],0.174,1,low,hold_or_filter
нейросеть для постов вк бесплатно,ru,social_content,True,['yandex_wordstat'],0.168,1,low,hold_or_filter
формат фото для карусели в инстаграм,ru,instagram_carousel,True,['yandex_wordstat'],0.166,1,low,hold_or_filter
ии текст генератор для постов,ru,social_content,True,['yandex_wordstat'],0.164,1,low,hold_or_filter
нейросеть для фото постов,ru,social_content,True,['yandex_wordstat'],0.162,1,low,hold_or_filter
сколько можно фото в карусель инстаграм,ru,instagram_carousel,True,['yandex_wordstat'],0.158,1,low,hold_or_filter
где карусель в инстаграме,ru,instagram_carousel,True,['yandex_wordstat'],0.156,1,low,hold_or_filter
нейросеть темы для постов,ru,social_content,True,['yandex_wordstat'],0.156,1,low,hold_or_filter
ии для постов каруселей,ru,ai_carousel,True,['yandex_wordstat'],0.154,1,low,hold_or_filter
заголовки для постов нейросеть,ru,social_content,True,['yandex_wordstat'],0.152,1,low,hold_or_filter
ии для написания постов в соц сети,ru,social_content,True,['yandex_wordstat'],0.152,1,low,hold_or_filter
ai content generation tools for webflow seo,en,ai_content,True,['gsc'],0.15,1,low,hold_or_filter
ai instagram posts generator,en,instagram_carousel,True,['gsc'],0.15,1,low,hold_or_filter
automatically create carousels,en,carousel_general,True,['gsc'],0.15,1,low,hold_or_filter
how to create a linkedin carousel,en,linkedin_carousel,True,['gsc'],0.15,1,low,hold_or_filter
how to make carousel for linkedin,en,linkedin_carousel,True,['gsc'],0.15,1,low,hold_or_filter
ia post instagram,en,instagram_carousel,True,['gsc'],0.15,1,low,hold_or_filter
linkedin carousel post maker,en,linkedin_carousel,True,['gsc'],0.15,1,low,hold_or_filter
tool to create linkedin carousel,en,linkedin_carousel,True,['gsc'],0.15,1,low,hold_or_filter
какая функция в viral linkedin carousel generator,ru,linkedin_carousel,True,['gsc'],0.15,1,low,hold_or_filter
нейросеть для постов бесплатно написания соцсетей,ru,social_content,True,['yandex_wordstat'],0.148,1,low,hold_or_filter
сгенерировать пост для поста нейросеть,ru,social_content,True,['yandex_wordstat'],0.148,1,low,hold_or_filter
написать пост для вк нейросеть бесплатно,ru,social_content,True,['yandex_wordstat'],0.146,1,low,hold_or_filter
создание постов для соцсетей нейросеть,ru,social_content,True,['yandex_wordstat'],0.146,1,low,hold_or_filter
ии написать текст для поста,ru,social_content,True,['yandex_wordstat'],0.142,1,low,hold_or_filter
видео с каруселью ии,ru,ai_carousel,True,['yandex_wordstat'],0.14,1,low,hold_or_filter
как сделать бесшовную карусель в инстаграм,ru,instagram_carousel,True,['yandex_wordstat'],0.14,1,low,hold_or_filter
нейросеть карусель бесплатно,ru,ai_carousel,True,['yandex_wordstat'],0.138,1,low,hold_or_filter
тренд карусель ии,ru,ai_carousel,True,['yandex_wordstat'],0.136,1,low,hold_or_filter
красивая карусель в инстаграм,ru,instagram_carousel,True,['yandex_wordstat'],0.134,1,low,hold_or_filter
генерация постов для соцсетей нейросеть,ru,social_content,True,['yandex_wordstat'],0.132,1,low,hold_or_filter
нейросеть для описания постов,ru,social_content,True,['yandex_wordstat'],0.132,1,low,hold_or_filter
лучшая нейросеть для постов,ru,social_content,True,['yandex_wordstat'],0.13,1,low,hold_or_filter
готовые посты для ии,ru,social_content,True,['yandex_wordstat'],0.128,1,low,hold_or_filter
ии для создания каруселей в инстаграм,ru,instagram_carousel,True,['yandex_wordstat'],0.128,1,low,hold_or_filter
фон для карусели в инстаграм,ru,instagram_carousel,True,['yandex_wordstat'],0.128,1,low,hold_or_filter
бесплатные нейросети для создания постов,ru,social_content,True,['yandex_wordstat'],0.122,1,low,hold_or_filter
создать текст для поста нейросеть,ru,social_content,True,['yandex_wordstat'],0.12,1,low,hold_or_filter
ии для создания постов бесплатно,ru,social_content,True,['yandex_wordstat'],0.118,1,low,hold_or_filter
нейросеть для создания постов каруселей,ru,ai_carousel,True,['yandex_wordstat'],0.116,1,low,hold_or_filter
бесплатный ии для написания постов,ru,social_content,True,['yandex_wordstat'],0.11,1,low,hold_or_filter
как загрузить карусель в инстаграм,ru,instagram_carousel,True,['yandex_wordstat'],0.108,1,low,hold_or_filter
как опубликовать карусель в инстаграм,ru,instagram_carousel,True,['yandex_wordstat'],0.108,1,low,hold_or_filter
музыка в карусель инстаграм,ru,instagram_carousel,True,['yandex_wordstat'],0.108,1,low,hold_or_filter
чат ии для поста,ru,social_content,True,['yandex_wordstat'],0.106,1,low,hold_or_filter
нейросети пост для соц сетей,ru,social_content,True,['yandex_wordstat'],0.102,1,low,hold_or_filter
размер пост карусели для инстаграм,ru,instagram_carousel,True,['yandex_wordstat'],0.102,1,low,hold_or_filter
какой формат фото в карусели инстаграм,ru,instagram_carousel,True,['yandex_wordstat'],0.1,1,low,hold_or_filter
фотки в карусели инстаграм,ru,instagram_carousel,True,['yandex_wordstat'],0.1,1,low,hold_or_filter
ai generate content,en,ai_content,True,['gsc'],0.1,1,low,hold_or_filter
ai generated instagram posts,en,instagram_carousel,True,['gsc'],0.1,1,low,hold_or_filter
ai ig post generator,en,social_content,True,['gsc'],0.1,1,low,hold_or_filter
ai instagram content generator,en,instagram_carousel,True,['gsc'],0.1,1,low,hold_or_filter
ai instagram post maker,en,instagram_carousel,True,['gsc'],0.1,1,low,hold_or_filter
ai social media content generator,en,social_content,True,['gsc'],0.1,1,low,hold_or_filter
aicarousels,en,ai_carousel,True,['gsc'],0.1,1,low,hold_or_filter
best ai content generator for social media,en,social_content,True,['gsc'],0.1,1,low,hold_or_filter
create a carousel on linkedin,en,linkedin_carousel,True,['gsc'],0.1,1,low,hold_or_filter
instagram carousel ideas,en,instagram_carousel,True,['gsc'],0.1,1,low,hold_or_filter
instagram post generator ai,en,instagram_carousel,True,['gsc'],0.1,1,low,hold_or_filter
what is a linkedin carousel,en,linkedin_carousel,True,['gsc'],0.1,1,low,hold_or_filter
написать пост для соцсетей нейросеть бесплатно,ru,social_content,True,['yandex_wordstat'],0.098,1,low,hold_or_filter
нейросеть для постов в соц,ru,social_content,True,['yandex_wordstat'],0.098,1,low,hold_or_filter
нейросеть для создания поста в сети,ru,social_content,True,['yandex_wordstat'],0.098,1,low,hold_or_filter
где сделать карусель для инстаграм,ru,instagram_carousel,True,['yandex_wordstat'],0.094,1,low,hold_or_filter
ии для создания постов в вк,ru,social_content,True,['yandex_wordstat'],0.094,1,low,hold_or_filter
ии для постов в инстаграм,ru,instagram_carousel,True,['yandex_wordstat'],0.092,1,low,hold_or_filter
как выложить фото в инстаграм карусель,ru,instagram_carousel,True,['yandex_wordstat'],0.092,1,low,hold_or_filter
написать текст для поста нейросеть бесплатно,ru,social_content,True,['yandex_wordstat'],0.092,1,low,hold_or_filter
нейросеть для постов инстаграм,ru,instagram_carousel,True,['yandex_wordstat'],0.092,1,low,hold_or_filter
дизайн карусели для инстаграм,ru,instagram_carousel,True,['yandex_wordstat'],0.09,1,low,hold_or_filter
приложение для карусели в инстаграме бесплатно,ru,instagram_carousel,True,['yandex_wordstat'],0.09,1,low,hold_or_filter
как сделать ии видео на карусели,ru,ai_carousel,True,['yandex_wordstat'],0.088,1,low,hold_or_filter
какой размер фото для карусели в инстаграм,ru,instagram_carousel,True,['yandex_wordstat'],0.088,1,low,hold_or_filter
какой формат у карусели в инстаграм,ru,instagram_carousel,True,['yandex_wordstat'],0.088,1,low,hold_or_filter
нейросеть для создания карусели в инстаграм,ru,instagram_carousel,True,['yandex_wordstat'],0.088,1,low,hold_or_filter
нейросеть для создания постов в соц,ru,social_content,True,['yandex_wordstat'],0.086,1,low,hold_or_filter
нейросеть для создания постов в соц сетях,ru,social_content,True,['yandex_wordstat'],0.086,1,low,hold_or_filter
поменять фото в карусели в инстаграме,ru,instagram_carousel,True,['yandex_wordstat'],0.086,1,low,hold_or_filter
ии для рекламных постов,ru,social_content,True,['yandex_wordstat'],0.084,1,low,hold_or_filter
темы для постов ии,ru,social_content,True,['yandex_wordstat'],0.084,1,low,hold_or_filter
ии для создания картинок для постов,ru,social_content,True,['yandex_wordstat'],0.082,1,low,hold_or_filter
нейросеть для генерации постов бесплатно,ru,social_content,True,['yandex_wordstat'],0.082,1,low,hold_or_filter
нейросеть онлайн для постов,ru,social_content,True,['yandex_wordstat'],0.082,1,low,hold_or_filter
сколько фото можно добавить в карусель инстаграм,ru,instagram_carousel,True,['yandex_wordstat'],0.082,1,low,hold_or_filter
инстаграм удалил карусель,ru,instagram_carousel,True,['yandex_wordstat'],0.08,1,low,hold_or_filter
нейросеть которая делает карусели,ru,ai_carousel,True,['yandex_wordstat'],0.078,1,low,hold_or_filter
составить пост для социальной сети нейросеть бесплатно,ru,social_content,True,['yandex_wordstat'],0.078,1,low,hold_or_filter
формат публикации в инстаграм карусель,ru,instagram_carousel,True,['yandex_wordstat'],0.076,1,low,hold_or_filter
скачать карусель из инстаграм,ru,instagram_carousel,True,['yandex_wordstat'],0.074,1,low,hold_or_filter
ии пост для телеграма,ru,social_content,True,['yandex_wordstat'],0.072,1,low,hold_or_filter
пост карусель в инстаграм 2026,ru,instagram_carousel,True,['yandex_wordstat'],0.072,1,low,hold_or_filter
сделать карусель для инстаграм онлайн,ru,instagram_carousel,True,['yandex_wordstat'],0.072,1,low,hold_or_filter
ии для постов в тг,ru,social_content,True,['yandex_wordstat'],0.068,1,low,hold_or_filter
программа для карусели в инстаграме,ru,instagram_carousel,True,['yandex_wordstat'],0.068,1,low,hold_or_filter
сколько слайдов в карусели инстаграм,ru,instagram_carousel,True,['yandex_wordstat'],0.068,1,low,hold_or_filter
инстаграм изменил карусель,ru,instagram_carousel,True,['yandex_wordstat'],0.066,1,low,hold_or_filter
написать пост для вк ии,ru,social_content,True,['yandex_wordstat'],0.066,1,low,hold_or_filter
непрерывная карусель в инстаграм,ru,instagram_carousel,True,['yandex_wordstat'],0.066,1,low,hold_or_filter
для создания каруселей в инстаграм бесплатно,ru,instagram_carousel,True,['yandex_wordstat'],0.064,1,low,hold_or_filter
ии для написания постов гига чат,ru,social_content,True,['yandex_wordstat'],0.064,1,low,hold_or_filter
как сделать непрерывную карусель в инстаграме,ru,instagram_carousel,True,['yandex_wordstat'],0.064,1,low,hold_or_filter
нейросеть для создания картинок для постов,ru,social_content,True,['yandex_wordstat'],0.064,1,low,hold_or_filter
как добавить пост карусель в инстаграм,ru,instagram_carousel,True,['yandex_wordstat'],0.062,1,low,hold_or_filter
как выложить пост карусель в инстаграм,ru,instagram_carousel,True,['yandex_wordstat'],0.06,1,low,hold_or_filter
как создать пост карусель в инстаграм,ru,instagram_carousel,True,['yandex_wordstat'],0.06,1,low,hold_or_filter
лучшая нейросеть для написания постов,ru,social_content,True,['yandex_wordstat'],0.06,1,low,hold_or_filter
лучший ии для написания постов,ru,social_content,True,['yandex_wordstat'],0.06,1,low,hold_or_filter
как сделать карусель в инстаграм с телефона,ru,instagram_carousel,True,['yandex_wordstat'],0.058,1,low,hold_or_filter
нейросеть для создания карусели бесплатно,ru,ai_carousel,True,['yandex_wordstat'],0.058,1,low,hold_or_filter
пост карусель в инстаграм какой размер,ru,instagram_carousel,True,['yandex_wordstat'],0.058,1,low,hold_or_filter
соотношение сторон для карусели в инстаграм,ru,instagram_carousel,True,['yandex_wordstat'],0.058,1,low,hold_or_filter
бот ии для постов,ru,social_content,True,['yandex_wordstat'],0.056,1,low,hold_or_filter
где делать карусели для инстаграм,ru,instagram_carousel,True,['yandex_wordstat'],0.056,1,low,hold_or_filter
ии для написания постов онлайн,ru,social_content,True,['yandex_wordstat'],0.056,1,low,hold_or_filter
карусель фото в инстаграм в рилс,ru,instagram_carousel,True,['yandex_wordstat'],0.056,1,low,hold_or_filter
нейросеть для генерации постов для соцсетей бесплатно,ru,social_content,True,['yandex_wordstat'],0.056,1,low,hold_or_filter
нейросеть которая делает посты карусели,ru,ai_carousel,True,['yandex_wordstat'],0.056,1,low,hold_or_filter
бесконечная карусель в инстаграм,ru,instagram_carousel,True,['yandex_wordstat'],0.054,1,low,hold_or_filter
какой формат фото для карусели в инстаграм,ru,instagram_carousel,True,['yandex_wordstat'],0.054,1,low,hold_or_filter
нейросеть для создания постов для вк,ru,social_content,True,['yandex_wordstat'],0.054,1,low,hold_or_filter
промт ии карусель,ru,ai_carousel,True,['yandex_wordstat'],0.054,1,low,hold_or_filter
ии для написания постов бесплатно онлайн,ru,social_content,True,['yandex_wordstat'],0.052,1,low,hold_or_filter
ии для написания текста для поста,ru,social_content,True,['yandex_wordstat'],0.052,1,low,hold_or_filter
нейросети для постов онлайн бесплатно,ru,social_content,True,['yandex_wordstat'],0.052,1,low,hold_or_filter
размер картинки для карусели в инстаграм,ru,instagram_carousel,True,['yandex_wordstat'],0.052,1,low,hold_or_filter
ии которая делает карусель,ru,ai_carousel,True,['yandex_wordstat'],0.05,1,low,hold_or_filter
как сделать красивую карусель в инстаграм,ru,instagram_carousel,True,['yandex_wordstat'],0.05,1,low,hold_or_filter
приложение для создания карусели в инстаграм бесплатно,ru,instagram_carousel,True,['yandex_wordstat'],0.05,1,low,hold_or_filter
формат карусели в инстаграм размер,ru,instagram_carousel,True,['yandex_wordstat'],0.05,1,low,hold_or_filter
ai carousel post maker,en,ai_carousel,True,['gsc'],0.05,1,low,hold_or_filter
ai instagram carousel generator,en,instagram_carousel,True,['gsc'],0.05,1,low,hold_or_filter
ai instagram content,en,instagram_carousel,True,['gsc'],0.05,1,low,hold_or_filter
ai instagram post,en,instagram_carousel,True,['gsc'],0.05,1,low,hold_or_filter
ai instagram posts,en,instagram_carousel,True,['gsc'],0.05,1,low,hold_or_filter
ai post,en,ai_content,True,['gsc'],0.05,1,low,hold_or_filter
ai-generated instagram posts,en,instagram_carousel,True,['gsc'],0.05,1,low,hold_or_filter
auto generate instagram posts,en,instagram_carousel,True,['gsc'],0.05,1,low,hold_or_filter
blog to carousel,en,carousel_general,True,['gsc'],0.05,1,low,hold_or_filter
carousel creator,en,carousel_general,True,['gsc'],0.05,1,low,hold_or_filter
carousel maker ai,en,ai_carousel,True,['gsc'],0.05,1,low,hold_or_filter
carousels ai,en,ai_carousel,True,['gsc'],0.05,1,low,hold_or_filter
caroussel linkedin,en,linkedin_carousel,True,['gsc'],0.05,1,low,hold_or_filter
generate instagram,en,instagram_carousel,True,['gsc'],0.05,1,low,hold_or_filter
generate instagram posts using ai,en,instagram_carousel,True,['gsc'],0.05,1,low,hold_or_filter
generator instagram,en,instagram_carousel,True,['gsc'],0.05,1,low,hold_or_filter
how to create instagram post with ai,en,instagram_carousel,True,['gsc'],0.05,1,low,hold_or_filter
how to make a linkedin carousel,en,linkedin_carousel,True,['gsc'],0.05,1,low,hold_or_filter
how to make linkedin carousel,en,linkedin_carousel,True,['gsc'],0.05,1,low,hold_or_filter
how to post a pano on instagram,en,instagram_carousel,True,['gsc'],0.05,1,low,hold_or_filter
instagram ai creator,en,instagram_carousel,True,['gsc'],0.05,1,low,hold_or_filter
instagram carousel example,en,instagram_carousel,True,['gsc'],0.05,1,low,hold_or_filter
instagram generator,en,instagram_carousel,True,['gsc'],0.05,1,low,hold_or_filter
instagram layout ai,en,instagram_carousel,True,['gsc'],0.05,1,low,hold_or_filter
instagram post ai,en,instagram_carousel,True,['gsc'],0.05,1,low,hold_or_filter
instagram post maker ai,en,instagram_carousel,True,['gsc'],0.05,1,low,hold_or_filter
pageflow ai,en,ai_content,True,['gsc'],0.05,1,low,hold_or_filter
post ai,en,ai_content,True,['gsc'],0.05,1,low,hold_or_filter
postflow ai,en,ai_content,True,['gsc'],0.05,1,low,hold_or_filter
генератор постов в инстаграм,ru,instagram_carousel,True,['gsc'],0.05,1,low,hold_or_filter
как сделать карусель в линкедин,ru,linkedin_carousel,True,['gsc'],0.05,1,low,hold_or_filter
ии для создания постов в инстаграм,ru,instagram_carousel,True,['yandex_wordstat'],0.048,1,low,hold_or_filter
ии идеи для постов,ru,social_content,True,['yandex_wordstat'],0.048,1,low,hold_or_filter
как делать посты карусели в инстаграм,ru,instagram_carousel,True,['yandex_wordstat'],0.048,1,low,hold_or_filter
как называется карусель в инстаграм,ru,instagram_carousel,True,['yandex_wordstat'],0.048,1,low,hold_or_filter
размер изображения для карусели инстаграм,ru,instagram_carousel,True,['yandex_wordstat'],0.048,1,low,hold_or_filter
разрешение карусели в инстаграм,ru,instagram_carousel,True,['yandex_wordstat'],0.048,1,low,hold_or_filter
тренд карусель ии бесплатно,ru,ai_carousel,True,['yandex_wordstat'],0.048,1,low,hold_or_filter
ии для постов в телеграмме,ru,social_content,True,['yandex_wordstat'],0.046,1,low,hold_or_filter
нейросеть текст для поста в вк,ru,social_content,True,['yandex_wordstat'],0.046,1,low,hold_or_filter
посты карусели с помощью ии,ru,ai_carousel,True,['yandex_wordstat'],0.046,1,low,hold_or_filter
размер поста карусель в инстаграм 2026,ru,instagram_carousel,True,['yandex_wordstat'],0.046,1,low,hold_or_filter
рекламный пост для нейросети,ru,social_content,True,['yandex_wordstat'],0.046,1,low,hold_or_filter
удалить фото из карусели инстаграм,ru,instagram_carousel,True,['yandex_wordstat'],0.046,1,low,hold_or_filter
ии карусель сделать бесплатно,ru,ai_carousel,True,['yandex_wordstat'],0.044,1,low,hold_or_filter
как выставить карусель в инстаграм,ru,instagram_carousel,True,['yandex_wordstat'],0.044,1,low,hold_or_filter
написать текст для поста с помощью ии,ru,social_content,True,['yandex_wordstat'],0.044,1,low,hold_or_filter
оформление карусели в инстаграм,ru,instagram_carousel,True,['yandex_wordstat'],0.044,1,low,hold_or_filter
ии для написания постов в вк,ru,social_content,True,['yandex_wordstat'],0.042,1,low,hold_or_filter
как выложить карусель в рилс инстаграм,ru,instagram_carousel,True,['yandex_wordstat'],0.042,1,low,hold_or_filter
ии для создания текста для постов,ru,social_content,True,['yandex_wordstat'],0.04,1,low,hold_or_filter
пост карусель в инстаграм как опубликовать,ru,instagram_carousel,True,['yandex_wordstat'],0.04,1,low,hold_or_filter
сколько фото в карусели инстаграм максимум,ru,instagram_carousel,True,['yandex_wordstat'],0.04,1,low,hold_or_filter
ии текст для поста бесплатно,ru,social_content,True,['yandex_wordstat'],0.038,1,low,hold_or_filter
как разместить карусель в инстаграм,ru,instagram_carousel,True,['yandex_wordstat'],0.038,1,low,hold_or_filter
примеры карусели в инстаграм,ru,instagram_carousel,True,['yandex_wordstat'],0.038,1,low,hold_or_filter
создать ии текст для поста,ru,social_content,True,['yandex_wordstat'],0.038,1,low,hold_or_filter
создать пост для вк ии,ru,social_content,True,['yandex_wordstat'],0.038,1,low,hold_or_filter
что значит карусель в инстаграме,ru,instagram_carousel,True,['yandex_wordstat'],0.036,1,low,hold_or_filter
в какой нейросети сделать пост карусель,ru,ai_carousel,True,['yandex_wordstat'],0.034,1,low,hold_or_filter
ии для создания поста в соцсети,ru,social_content,True,['yandex_wordstat'],0.034,1,low,hold_or_filter
как сделать карусель с музыкой в инстаграм,ru,instagram_carousel,True,['yandex_wordstat'],0.034,1,low,hold_or_filter
нейросеть пост для телеграм,ru,social_content,True,['yandex_wordstat'],0.034,1,low,hold_or_filter
скачать фото из карусели инстаграм,ru,instagram_carousel,True,['yandex_wordstat'],0.034,1,low,hold_or_filter
ии видео создать карусель,ru,ai_carousel,True,['yandex_wordstat'],0.032,1,low,hold_or_filter
ии карусель времени,ru,ai_carousel,True,['yandex_wordstat'],0.032,1,low,hold_or_filter
как выглядит карусель в инстаграм,ru,instagram_carousel,True,['yandex_wordstat'],0.032,1,low,hold_or_filter
как сделать бесконечную карусель в инстаграм,ru,instagram_carousel,True,['yandex_wordstat'],0.032,1,low,hold_or_filter
нейросеть для написания поста вк,ru,social_content,True,['yandex_wordstat'],0.032,1,low,hold_or_filter
нейросеть для оформления постов,ru,social_content,True,['yandex_wordstat'],0.032,1,low,hold_or_filter
промт для ии для карусели,ru,ai_carousel,True,['yandex_wordstat'],0.032,1,low,hold_or_filter
видео с каруселью ии бесплатно,ru,ai_carousel,True,['yandex_wordstat'],0.03,1,low,hold_or_filter
как сделать карусель из видео в инстаграм,ru,instagram_carousel,True,['yandex_wordstat'],0.03,1,low,hold_or_filter
нейросеть пишет посты для для соцсетей,ru,social_content,True,['yandex_wordstat'],0.03,1,low,hold_or_filter
текст для ии карусель,ru,ai_carousel,True,['yandex_wordstat'],0.03,1,low,hold_or_filter
ии для постов ролевой,ru,social_content,True,['yandex_wordstat'],0.028,1,low,hold_or_filter
нейросеть для генерации карусели,ru,ai_carousel,True,['yandex_wordstat'],0.028,1,low,hold_or_filter
нейросеть для постов бесплатно без регистрации,ru,social_content,True,['yandex_wordstat'],0.028,1,low,hold_or_filter
сколько слайдов для карусели максимум в инстаграм,ru,instagram_carousel,True,['yandex_wordstat'],0.028,1,low,hold_or_filter
в какой нейросети можно сделать пост карусель,ru,ai_carousel,True,['yandex_wordstat'],0.026,1,low,hold_or_filter
инстаграм карусель на английском,ru,instagram_carousel,True,['yandex_wordstat'],0.026,1,low,hold_or_filter
пост для соцсетей с помощью нейросети,ru,social_content,True,['yandex_wordstat'],0.026,1,low,hold_or_filter
генерация каруселей для инстаграм,ru,instagram_carousel,True,['yandex_wordstat'],0.024,1,low,hold_or_filter
как изменить фото в карусели инстаграм,ru,instagram_carousel,True,['yandex_wordstat'],0.024,1,low,hold_or_filter
нейросеть для создания поста в соцсети бесплатно,ru,social_content,True,['yandex_wordstat'],0.024,1,low,hold_or_filter
ии для создания постов в инстаграм бесплатно,ru,instagram_carousel,True,['yandex_wordstat'],0.022,1,low,hold_or_filter
максимальное количество фото в карусели инстаграм,ru,instagram_carousel,True,['yandex_wordstat'],0.022,1,low,hold_or_filter
нейросеть видео карусель,ru,ai_carousel,True,['yandex_wordstat'],0.022,1,low,hold_or_filter
нейросеть для постов гигачат,ru,social_content,True,['yandex_wordstat'],0.022,1,low,hold_or_filter
бесшовная карусель для инстаграм,ru,instagram_carousel,True,['yandex_wordstat'],0.02,1,low,hold_or_filter
генератор нейросеть для поста,ru,social_content,True,['yandex_wordstat'],0.02,1,low,hold_or_filter
ии для бизнеса постов реклама,ru,social_content,True,['yandex_wordstat'],0.02,1,low,hold_or_filter
ии для генерации каруселей,ru,ai_carousel,True,['yandex_wordstat'],0.02,1,low,hold_or_filter
карусели ии для соц сетей,ru,ai_carousel,True,['yandex_wordstat'],0.02,1,low,hold_or_filter
программа для создания карусели в инстаграм,ru,instagram_carousel,True,['yandex_wordstat'],0.02,1,low,hold_or_filter
instagram carousel templates,en,instagram_carousel,True,['yandex_wordstat'],0.018,1,low,hold_or_filter
гугл ии создать пост для телеграм,ru,social_content,True,['yandex_wordstat'],0.018,1,low,hold_or_filter
как сделать видео на карусели ии бесплатно,ru,ai_carousel,True,['yandex_wordstat'],0.018,1,low,hold_or_filter
сервис карусель ии,ru,ai_carousel,True,['yandex_wordstat'],0.018,1,low,hold_or_filter
идеи для карусели в инстаграм,ru,instagram_carousel,True,['yandex_wordstat'],0.016,1,low,hold_or_filter
сколько максимум картинок в карусели инстаграм,ru,instagram_carousel,True,['yandex_wordstat'],0.016,1,low,hold_or_filter
ии для создания постов в тг,ru,social_content,True,['yandex_wordstat'],0.014,1,low,hold_or_filter
нейросеть для генерации поста в вк,ru,social_content,True,['yandex_wordstat'],0.014,1,low,hold_or_filter
нейросеть для создания рекламных постов,ru,social_content,True,['yandex_wordstat'],0.014,1,low,hold_or_filter
нейросеть посты для wildberries,ru,social_content,True,['yandex_wordstat'],0.014,1,low,hold_or_filter
создание карусели для инстаграм онлайн,ru,instagram_carousel,True,['yandex_wordstat'],0.014,1,low,hold_or_filter
бесконечная карусель в инстаграм онлайн,ru,instagram_carousel,True,['yandex_wordstat'],0.012,1,low,hold_or_filter
инстаграм обрезает фото в посте с каруселью,ru,instagram_carousel,True,['yandex_wordstat'],0.012,1,low,hold_or_filter
как изменить порядок фото в карусели инстаграм,ru,instagram_carousel,True,['yandex_wordstat'],0.012,1,low,hold_or_filter
карусель детства ии,ru,ai_carousel,True,['yandex_wordstat'],0.012,1,low,hold_or_filter
нейросеть для постов в telegram,ru,social_content,True,['yandex_wordstat'],0.012,1,low,hold_or_filter
тренд карусель ии сделать,ru,ai_carousel,True,['yandex_wordstat'],0.012,1,low,hold_or_filter
бесшовная карусель в инстаграм приложение,ru,instagram_carousel,True,['yandex_wordstat'],0.01,1,low,hold_or_filter
где взять фон для каруселей в инстаграм,ru,instagram_carousel,True,['yandex_wordstat'],0.01,1,low,hold_or_filter
ии для написания постов в телеграмм,ru,social_content,True,['yandex_wordstat'],0.01,1,low,hold_or_filter
ии что придумывает посты для телеграм канала,ru,social_content,True,['yandex_wordstat'],0.01,1,low,hold_or_filter
карусель для 9 картинок инстаграм,ru,instagram_carousel,True,['yandex_wordstat'],0.01,1,low,hold_or_filter
карусель судьбы песня ии,ru,ai_carousel,True,['yandex_wordstat'],0.01,1,low,hold_or_filter
конструктор для карусели в инстаграм,ru,instagram_carousel,True,['yandex_wordstat'],0.01,1,low,hold_or_filter
нейросеть которая создает карусель для инстаграм,ru,instagram_carousel,True,['yandex_wordstat'],0.01,1,low,hold_or_filter
реклама ий блок карусель,ru,carousel_general,True,['yandex_wordstat'],0.01,1,low,hold_or_filter
сделать карусель для инстаграм нейросеть,ru,instagram_carousel,True,['yandex_wordstat'],0.01,1,low,hold_or_filter
создание каруселей с помощью ии,ru,ai_carousel,True,['yandex_wordstat'],0.01,1,low,hold_or_filter
нейросеть написать пост для тг,ru,social_content,True,['yandex_wordstat'],0.006,1,low,hold_or_filter
нейросеть сгенерировать пост для тг,ru,social_content,True,['yandex_wordstat'],0.004,1,low,hold_or_filter
ai content detector,en,ai_content,False,"['google_trends_rising', 'google_trends_top']",0.0,2,low,hold_or_filter
ai detector,en,ai_content,False,"['google_trends_rising', 'google_trends_top']",0.0,2,low,hold_or_filter
ai image generator,en,ai_content,False,"['google_trends_rising', 'google_trends_top']",0.0,2,low,hold_or_filter
ai image generator free,en,ai_content,False,"['google_trends_rising', 'google_trends_top']",0.0,2,low,hold_or_filter
ai music generator,en,ai_content,False,"['google_trends_rising', 'google_trends_top']",0.0,2,low,hold_or_filter
ai photo generator,en,ai_content,False,"['google_trends_rising', 'google_trends_top']",0.0,2,low,hold_or_filter
ai song generator,en,ai_content,False,"['google_trends_rising', 'google_trends_top']",0.0,2,low,hold_or_filter
ai video generator,en,ai_content,False,"['google_trends_rising', 'google_trends_top']",0.0,2,low,hold_or_filter
ai video generator free,en,ai_content,False,"['google_trends_rising', 'google_trends_top']",0.0,2,low,hold_or_filter
api design principles,en,other,False,"['google_trends_rising', 'google_trends_top']",0.0,2,low,hold_or_filter
artificial intelligence news,en,other,False,"['google_trends_rising', 'google_trends_top']",0.0,2,low,hold_or_filter
banks,en,other,False,"['google_trends_rising', 'google_trends_top']",0.0,2,low,hold_or_filter
best ai image generator,en,ai_content,False,"['google_trends_rising', 'google_trends_top']",0.0,2,low,hold_or_filter
best photo collage apps,en,other,False,"['google_trends_rising', 'google_trends_top']",0.0,2,low,hold_or_filter
best time to post on tiktok,en,other,False,"['google_trends_rising', 'google_trends_top']",0.0,2,low,hold_or_filter
blockchain technology,en,ai_content,False,"['google_trends_rising', 'google_trends_top']",0.0,2,low,hold_or_filter
canva,en,other,False,"['google_trends_rising', 'google_trends_top']",0.0,2,low,hold_or_filter
capcut,en,other,False,"['google_trends_rising', 'google_trends_top']",0.0,2,low,hold_or_filter
claude,en,other,False,"['google_trends_rising', 'google_trends_top']",0.0,2,low,hold_or_filter
claude ai,en,ai_content,False,"['google_trends_rising', 'google_trends_top']",0.0,2,low,hold_or_filter
codex,en,other,False,"['google_trends_rising', 'google_trends_top']",0.0,2,low,hold_or_filter
database optimization,en,other,False,"['google_trends_rising', 'google_trends_top']",0.0,2,low,hold_or_filter
events,en,other,False,"['google_trends_rising', 'google_trends_top']",0.0,2,low,hold_or_filter
font generator,en,other,False,"['google_trends_rising', 'google_trends_top']",0.0,2,low,hold_or_filter
free ai image generator,en,ai_content,False,"['google_trends_rising', 'google_trends_top']",0.0,2,low,hold_or_filter
free ai video generator,en,ai_content,False,"['google_trends_rising', 'google_trends_top']",0.0,2,low,hold_or_filter
gemini,en,other,False,"['google_trends_rising', 'google_trends_top']",0.0,2,low,hold_or_filter
gemini ai,en,ai_content,False,"['google_trends_rising', 'google_trends_top']",0.0,2,low,hold_or_filter
google gemini,en,other,False,"['google_trends_rising', 'google_trends_top']",0.0,2,low,hold_or_filter
hospitals,en,other,False,"['google_trends_rising', 'google_trends_top']",0.0,2,low,hold_or_filter
museums,en,other,False,"['google_trends_rising', 'google_trends_top']",0.0,2,low,hold_or_filter
new york times,en,other,False,"['google_trends_rising', 'google_trends_top']",0.0,2,low,hold_or_filter
photography,en,other,False,"['google_trends_rising', 'google_trends_top']",0.0,2,low,hold_or_filter
python data analysis,en,other,False,"['google_trends_rising', 'google_trends_top']",0.0,2,low,hold_or_filter
qr code generator,en,other,False,"['google_trends_rising', 'google_trends_top']",0.0,2,low,hold_or_filter
scrl,en,other,False,"['google_trends_rising', 'google_trends_top']",0.0,2,low,hold_or_filter
web development best practices,en,other,False,"['google_trends_rising', 'google_trends_top']",0.0,2,low,hold_or_filter
what is a content brief,en,other,False,"['google_trends_rising', 'google_trends_top']",0.0,2,low,hold_or_filter
what is a content delivery network,en,other,False,"['google_trends_rising', 'google_trends_top']",0.0,2,low,hold_or_filter
what is a content management system,en,other,False,"['google_trends_rising', 'google_trends_top']",0.0,2,low,hold_or_filter
what is a content pillar,en,other,False,"['google_trends_rising', 'google_trends_top']",0.0,2,low,hold_or_filter
gotoflow,en,other,False,"['gsc', 'yandex_webmaster']",0.0,2,low,hold_or_filter
backend development,en,other,False,['google_trends_rising'],0.0,1,low,hold_or_filter
business process optimization,en,other,False,['google_trends_rising'],0.0,1,low,hold_or_filter
cloud computing services,en,other,False,['google_trends_rising'],0.0,1,low,hold_or_filter
computer vision projects,en,other,False,['google_trends_rising'],0.0,1,low,hold_or_filter
content marketing strategies,en,other,False,['google_trends_top'],0.0,1,low,hold_or_filter
google drive,en,other,False,['google_trends_rising'],0.0,1,low,hold_or_filter
grok,en,other,False,['google_trends_top'],0.0,1,low,hold_or_filter
meta business suite,en,other,False,['google_trends_rising'],0.0,1,low,hold_or_filter
microservices architecture,en,other,False,['google_trends_rising'],0.0,1,low,hold_or_filter
node.js backend,en,other,False,['google_trends_rising'],0.0,1,low,hold_or_filter
perplexity,en,other,False,['google_trends_top'],0.0,1,low,hold_or_filter
python web framework,en,other,False,['google_trends_rising'],0.0,1,low,hold_or_filter
react development,en,other,False,['google_trends_rising'],0.0,1,low,hold_or_filter
scrl app,en,other,False,['google_trends_rising'],0.0,1,low,hold_or_filter
walmart near me,en,other,False,['google_trends_top'],0.0,1,low,hold_or_filter
what is a content audit,en,other,False,['google_trends_top'],0.0,1,low,hold_or_filter
what is a content calendar,en,social_content,False,['google_trends_top'],0.0,1,low,hold_or_filter
what is a content strategy,en,other,False,['google_trends_top'],0.0,1,low,hold_or_filter
zerogpt,en,other,False,['google_trends_rising'],0.0,1,low,hold_or_filter
can t generate with this content,en,other,False,['gsc'],0.0,1,low,hold_or_filter
content maker,en,other,False,['gsc'],0.0,1,low,hold_or_filter
contentgenerator,en,other,False,['gsc'],0.0,1,low,hold_or_filter
generate content,en,other,False,['gsc'],0.0,1,low,hold_or_filter
go to flow,en,other,False,['gsc'],0.0,1,low,hold_or_filter
gotto flow,en,other,False,['gsc'],0.0,1,low,hold_or_filter
gottoflow,en,other,False,['gsc'],0.0,1,low,hold_or_filter
toflow,en,other,False,['gsc'],0.0,1,low,hold_or_filter
usepostify,en,other,False,['gsc'],0.0,1,low,hold_or_filter
генератор контента для сайта,ru,other,False,['gsc'],0.0,1,low,hold_or_filter
مولد منشورات انستغرام مدعوم بالذكاء الاصطناعي,en,other,False,['gsc'],0.0,1,low,hold_or_filter
генератор контента,ru,other,False,['yandex_webmaster'],0.0,1,low,hold_or_filter
