keyword,language,country,region,volume,trend,relatedQueries,source,lastChecked,sourceUrl,seedQuery,sourceFile,topicCluster,isRelevant,isDuplicateFile
ai carousels,en,RU,all_regions,32,unknown,,yandex_wordstat_manual,2026-06-08,,ai carousel,wordstat_top_queries-7,ai_carousel,True,False
instagram carousel,en,RU,all_regions,232,unknown,,yandex_wordstat_manual,2026-06-08,,instagram carousel,wordstat_top_queries-9,instagram_carousel,True,False
instagram carousel templates,en,RU,all_regions,9,unknown,,yandex_wordstat_manual,2026-06-08,,instagram carousel,wordstat_top_queries-9,instagram_carousel,True,False
бесконечная карусель в инстаграм,ru,RU,all_regions,27,unknown,,yandex_wordstat_manual,2026-06-08,,инстаграм карусель,wordstat_top_queries-10,instagram_carousel,True,False
бесконечная карусель в инстаграм онлайн,ru,RU,all_regions,6,unknown,,yandex_wordstat_manual,2026-06-08,,инстаграм карусель,wordstat_top_queries-10,instagram_carousel,True,False
бесплатные нейросети для создания постов,ru,RU,all_regions,61,unknown,,yandex_wordstat_manual,2026-06-08,,нейросеть для постов,wordstat_top_queries-4,social_content,True,False
бесплатный ии для написания постов,ru,RU,all_regions,55,unknown,,yandex_wordstat_manual,2026-06-08,,ии для постов,wordstat_top_queries-5,social_content,True,False
бесшовная карусель в инстаграм,ru,RU,all_regions,117,unknown,,yandex_wordstat_manual,2026-06-08,,инстаграм карусель,wordstat_top_queries-10,instagram_carousel,True,False
бесшовная карусель в инстаграм приложение,ru,RU,all_regions,5,unknown,,yandex_wordstat_manual,2026-06-08,,инстаграм карусель,wordstat_top_queries-10,instagram_carousel,True,False
бесшовная карусель для инстаграм,ru,RU,all_regions,10,unknown,,yandex_wordstat_manual,2026-06-08,,карусель для инстаграм,wordstat_top_queries-2,instagram_carousel,True,False
бот ии для постов,ru,RU,all_regions,28,unknown,,yandex_wordstat_manual,2026-06-08,,ии для постов,wordstat_top_queries-5,social_content,True,False
в какой нейросети можно сделать пост карусель,ru,RU,all_regions,13,unknown,,yandex_wordstat_manual,2026-06-08,,карусель нейросеть,wordstat_top_queries-3,ai_carousel,True,False
в какой нейросети сделать пост карусель,ru,RU,all_regions,17,unknown,,yandex_wordstat_manual,2026-06-08,,карусель нейросеть,wordstat_top_queries-3,ai_carousel,True,False
видео с каруселью ии,ru,RU,all_regions,70,unknown,,yandex_wordstat_manual,2026-06-08,,карусель ии,wordstat_top_queries,ai_carousel,True,False
видео с каруселью ии бесплатно,ru,RU,all_regions,15,unknown,,yandex_wordstat_manual,2026-06-08,,карусель ии,wordstat_top_queries,ai_carousel,True,False
где взять фон для каруселей в инстаграм,ru,RU,all_regions,5,unknown,,yandex_wordstat_manual,2026-06-08,,инстаграм карусель,wordstat_top_queries-10,instagram_carousel,True,False
где делать карусели для инстаграм,ru,RU,all_regions,28,unknown,,yandex_wordstat_manual,2026-06-08,,инстаграм карусель,wordstat_top_queries-10,instagram_carousel,True,False
где карусель в инстаграме,ru,RU,all_regions,78,unknown,,yandex_wordstat_manual,2026-06-08,,инстаграм карусель,wordstat_top_queries-10,instagram_carousel,True,False
где сделать карусель для инстаграм,ru,RU,all_regions,47,unknown,,yandex_wordstat_manual,2026-06-08,,инстаграм карусель,wordstat_top_queries-10,instagram_carousel,True,False
генератор нейросеть для поста,ru,RU,all_regions,10,unknown,,yandex_wordstat_manual,2026-06-08,,нейросеть для постов,wordstat_top_queries-4,social_content,True,False
генерация каруселей для инстаграм,ru,RU,all_regions,12,unknown,,yandex_wordstat_manual,2026-06-08,,инстаграм карусель,wordstat_top_queries-10,instagram_carousel,True,False
генерация постов для соцсетей нейросеть,ru,RU,all_regions,66,unknown,,yandex_wordstat_manual,2026-06-08,,нейросеть для постов,wordstat_top_queries-4,social_content,True,False
готовые посты для ии,ru,RU,all_regions,64,unknown,,yandex_wordstat_manual,2026-06-08,,ии для постов,wordstat_top_queries-5,social_content,True,False
гугл ии создать пост для телеграм,ru,RU,all_regions,9,unknown,,yandex_wordstat_manual,2026-06-08,,ии для постов,wordstat_top_queries-5,social_content,True,False
дизайн карусели для инстаграм,ru,RU,all_regions,45,unknown,,yandex_wordstat_manual,2026-06-08,,инстаграм карусель,wordstat_top_queries-10,instagram_carousel,True,False
для создания каруселей в инстаграм бесплатно,ru,RU,all_regions,32,unknown,,yandex_wordstat_manual,2026-06-08,,инстаграм карусель,wordstat_top_queries-10,instagram_carousel,True,False
добавить фото в карусель инстаграм,ru,RU,all_regions,158,unknown,,yandex_wordstat_manual,2026-06-08,,инстаграм карусель,wordstat_top_queries-10,instagram_carousel,True,False
заголовки для постов нейросеть,ru,RU,all_regions,76,unknown,,yandex_wordstat_manual,2026-06-08,,нейросеть для постов,wordstat_top_queries-4,social_content,True,False
идеи для карусели в инстаграм,ru,RU,all_regions,8,unknown,,yandex_wordstat_manual,2026-06-08,,инстаграм карусель,wordstat_top_queries-10,instagram_carousel,True,False
ии видео создать карусель,ru,RU,all_regions,16,unknown,,yandex_wordstat_manual,2026-06-08,,карусель ии,wordstat_top_queries,ai_carousel,True,False
ии для бизнеса постов реклама,ru,RU,all_regions,10,unknown,,yandex_wordstat_manual,2026-06-08,,ии для постов,wordstat_top_queries-5,social_content,True,False
ии для генерации каруселей,ru,RU,all_regions,10,unknown,,yandex_wordstat_manual,2026-06-08,,карусель ии,wordstat_top_queries,ai_carousel,True,False
ии для генерации постов,ru,RU,all_regions,88,unknown,,yandex_wordstat_manual,2026-06-08,,ии для постов,wordstat_top_queries-5,social_content,True,False
ии для каруселей,ru,RU,all_regions,420,unknown,,yandex_wordstat_manual,2026-06-08,,ии для карусели,wordstat_top_queries-6,ai_carousel,True,False
ии для написания постов,ru,RU,all_regions,574,unknown,,yandex_wordstat_manual,2026-06-08,,ии для постов,wordstat_top_queries-5,social_content,True,False
ии для написания постов бесплатно онлайн,ru,RU,all_regions,26,unknown,,yandex_wordstat_manual,2026-06-08,,ии для постов,wordstat_top_queries-5,social_content,True,False
ии для написания постов в вк,ru,RU,all_regions,21,unknown,,yandex_wordstat_manual,2026-06-08,,ии для постов,wordstat_top_queries-5,social_content,True,False
ии для написания постов в соц сети,ru,RU,all_regions,76,unknown,,yandex_wordstat_manual,2026-06-08,,ии для постов,wordstat_top_queries-5,social_content,True,False
ии для написания постов в телеграмм,ru,RU,all_regions,5,unknown,,yandex_wordstat_manual,2026-06-08,,ии для постов,wordstat_top_queries-5,social_content,True,False
ии для написания постов гига чат,ru,RU,all_regions,32,unknown,,yandex_wordstat_manual,2026-06-08,,ии для постов,wordstat_top_queries-5,social_content,True,False
ии для написания постов онлайн,ru,RU,all_regions,28,unknown,,yandex_wordstat_manual,2026-06-08,,ии для постов,wordstat_top_queries-5,social_content,True,False
ии для написания текста для поста,ru,RU,all_regions,26,unknown,,yandex_wordstat_manual,2026-06-08,,ии для постов,wordstat_top_queries-5,social_content,True,False
ии для постов,ru,RU,all_regions,3081,unknown,,yandex_wordstat_manual,2026-06-08,,ии для постов,wordstat_top_queries-5,social_content,True,False
ии для постов бесплатно,ru,RU,all_regions,357,unknown,,yandex_wordstat_manual,2026-06-08,,ии для постов,wordstat_top_queries-5,social_content,True,False
ии для постов в инстаграм,ru,RU,all_regions,46,unknown,,yandex_wordstat_manual,2026-06-08,,ии для постов,wordstat_top_queries-5,instagram_carousel,True,False
ии для постов в тг,ru,RU,all_regions,34,unknown,,yandex_wordstat_manual,2026-06-08,,ии для постов,wordstat_top_queries-5,social_content,True,False
ии для постов в телеграмме,ru,RU,all_regions,23,unknown,,yandex_wordstat_manual,2026-06-08,,ии для постов,wordstat_top_queries-5,social_content,True,False
ии для постов вк,ru,RU,all_regions,202,unknown,,yandex_wordstat_manual,2026-06-08,,ии для постов,wordstat_top_queries-5,social_content,True,False
ии для постов каруселей,ru,RU,all_regions,77,unknown,,yandex_wordstat_manual,2026-06-08,,ии для постов,wordstat_top_queries-5,ai_carousel,True,False
ии для постов ролевой,ru,RU,all_regions,14,unknown,,yandex_wordstat_manual,2026-06-08,,ии для постов,wordstat_top_queries-5,social_content,True,False
ии для рекламных постов,ru,RU,all_regions,42,unknown,,yandex_wordstat_manual,2026-06-08,,ии для постов,wordstat_top_queries-5,social_content,True,False
ии для создания картинок для постов,ru,RU,all_regions,41,unknown,,yandex_wordstat_manual,2026-06-08,,ии для постов,wordstat_top_queries-5,social_content,True,False
ии для создания каруселей,ru,RU,all_regions,180,unknown,,yandex_wordstat_manual,2026-06-08,,карусель ии,wordstat_top_queries,ai_carousel,True,False
ии для создания каруселей в инстаграм,ru,RU,all_regions,64,unknown,,yandex_wordstat_manual,2026-06-08,,карусель ии,wordstat_top_queries,instagram_carousel,True,False
ии для создания поста в соцсети,ru,RU,all_regions,17,unknown,,yandex_wordstat_manual,2026-06-08,,ии для постов,wordstat_top_queries-5,social_content,True,False
ии для создания постов,ru,RU,all_regions,377,unknown,,yandex_wordstat_manual,2026-06-08,,ии для постов,wordstat_top_queries-5,social_content,True,False
ии для создания постов бесплатно,ru,RU,all_regions,59,unknown,,yandex_wordstat_manual,2026-06-08,,ии для постов,wordstat_top_queries-5,social_content,True,False
ии для создания постов в вк,ru,RU,all_regions,47,unknown,,yandex_wordstat_manual,2026-06-08,,ии для постов,wordstat_top_queries-5,social_content,True,False
ии для создания постов в инстаграм,ru,RU,all_regions,24,unknown,,yandex_wordstat_manual,2026-06-08,,ии для постов,wordstat_top_queries-5,instagram_carousel,True,False
ии для создания постов в инстаграм бесплатно,ru,RU,all_regions,11,unknown,,yandex_wordstat_manual,2026-06-08,,ии для постов,wordstat_top_queries-5,instagram_carousel,True,False
ии для создания постов в тг,ru,RU,all_regions,7,unknown,,yandex_wordstat_manual,2026-06-08,,ии для постов,wordstat_top_queries-5,social_content,True,False
ии для создания постов каруселей,ru,RU,all_regions,40,unknown,,yandex_wordstat_manual,2026-06-08,,карусель ии,wordstat_top_queries,ai_carousel,True,False
ии для создания текста для постов,ru,RU,all_regions,20,unknown,,yandex_wordstat_manual,2026-06-08,,ии для постов,wordstat_top_queries-5,social_content,True,False
ии идеи для постов,ru,RU,all_regions,24,unknown,,yandex_wordstat_manual,2026-06-08,,ии для постов,wordstat_top_queries-5,social_content,True,False
ии картинка для поста,ru,RU,all_regions,109,unknown,,yandex_wordstat_manual,2026-06-08,,ии для постов,wordstat_top_queries-5,social_content,True,False
ии карусель бесплатно,ru,RU,all_regions,146,unknown,,yandex_wordstat_manual,2026-06-08,,карусель ии,wordstat_top_queries,ai_carousel,True,False
ии карусель времени,ru,RU,all_regions,16,unknown,,yandex_wordstat_manual,2026-06-08,,карусель ии,wordstat_top_queries,ai_carousel,True,False
ии карусель сделать,ru,RU,all_regions,269,unknown,,yandex_wordstat_manual,2026-06-08,,карусель ии,wordstat_top_queries,ai_carousel,True,False
ии карусель сделать бесплатно,ru,RU,all_regions,22,unknown,,yandex_wordstat_manual,2026-06-08,,карусель ии,wordstat_top_queries,ai_carousel,True,False
ии которая делает карусель,ru,RU,all_regions,25,unknown,,yandex_wordstat_manual,2026-06-08,,карусель ии,wordstat_top_queries,ai_carousel,True,False
ии написать текст для поста,ru,RU,all_regions,71,unknown,,yandex_wordstat_manual,2026-06-08,,ии для постов,wordstat_top_queries-5,social_content,True,False
ии пост для соц сетей,ru,RU,all_regions,113,unknown,,yandex_wordstat_manual,2026-06-08,,ии для постов,wordstat_top_queries-5,social_content,True,False
ии пост для соцсетей,ru,RU,all_regions,777,unknown,,yandex_wordstat_manual,2026-06-08,,ии для постов,wordstat_top_queries-5,social_content,True,False
ии пост для соцсетей бесплатно,ru,RU,all_regions,183,unknown,,yandex_wordstat_manual,2026-06-08,,ии для постов,wordstat_top_queries-5,social_content,True,False
ии пост для соцсетей написать,ru,RU,all_regions,188,unknown,,yandex_wordstat_manual,2026-06-08,,ии для постов,wordstat_top_queries-5,social_content,True,False
ии пост для телеграма,ru,RU,all_regions,36,unknown,,yandex_wordstat_manual,2026-06-08,,ии для постов,wordstat_top_queries-5,social_content,True,False
ии пост карусель,ru,RU,all_regions,208,unknown,,yandex_wordstat_manual,2026-06-08,,карусель ии,wordstat_top_queries,ai_carousel,True,False
ии текст генератор для постов,ru,RU,all_regions,82,unknown,,yandex_wordstat_manual,2026-06-08,,ии для постов,wordstat_top_queries-5,social_content,True,False
ии текст для поста,ru,RU,all_regions,421,unknown,,yandex_wordstat_manual,2026-06-08,,ии для постов,wordstat_top_queries-5,social_content,True,False
ии текст для поста бесплатно,ru,RU,all_regions,19,unknown,,yandex_wordstat_manual,2026-06-08,,ии для постов,wordstat_top_queries-5,social_content,True,False
ии фото для поста,ru,RU,all_regions,146,unknown,,yandex_wordstat_manual,2026-06-08,,ии для постов,wordstat_top_queries-5,social_content,True,False
ии что придумывает посты для телеграм канала,ru,RU,all_regions,5,unknown,,yandex_wordstat_manual,2026-06-08,,ии для постов,wordstat_top_queries-5,social_content,True,False
инстаграм изменил карусель,ru,RU,all_regions,33,unknown,,yandex_wordstat_manual,2026-06-08,,инстаграм карусель,wordstat_top_queries-10,instagram_carousel,True,False
инстаграм карусель на английском,ru,RU,all_regions,13,unknown,,yandex_wordstat_manual,2026-06-08,,инстаграм карусель,wordstat_top_queries-10,instagram_carousel,True,False
инстаграм карусель текст,ru,RU,all_regions,112,unknown,,yandex_wordstat_manual,2026-06-08,,инстаграм карусель,wordstat_top_queries-10,instagram_carousel,True,False
инстаграм обрезает фото в посте с каруселью,ru,RU,all_regions,6,unknown,,yandex_wordstat_manual,2026-06-08,,инстаграм карусель,wordstat_top_queries-10,instagram_carousel,True,False
инстаграм рилс карусель,ru,RU,all_regions,337,unknown,,yandex_wordstat_manual,2026-06-08,,инстаграм карусель,wordstat_top_queries-10,instagram_carousel,True,False
инстаграм удалил карусель,ru,RU,all_regions,40,unknown,,yandex_wordstat_manual,2026-06-08,,инстаграм карусель,wordstat_top_queries-10,instagram_carousel,True,False
как выглядит карусель в инстаграм,ru,RU,all_regions,16,unknown,,yandex_wordstat_manual,2026-06-08,,инстаграм карусель,wordstat_top_queries-10,instagram_carousel,True,False
как выложить карусель в инстаграм,ru,RU,all_regions,243,unknown,,yandex_wordstat_manual,2026-06-08,,инстаграм карусель,wordstat_top_queries-10,instagram_carousel,True,False
как выложить карусель в рилс инстаграм,ru,RU,all_regions,21,unknown,,yandex_wordstat_manual,2026-06-08,,инстаграм карусель,wordstat_top_queries-10,instagram_carousel,True,False
как выложить пост карусель в инстаграм,ru,RU,all_regions,30,unknown,,yandex_wordstat_manual,2026-06-08,,инстаграм карусель,wordstat_top_queries-10,instagram_carousel,True,False
как выложить фото в инстаграм карусель,ru,RU,all_regions,46,unknown,,yandex_wordstat_manual,2026-06-08,,инстаграм карусель,wordstat_top_queries-10,instagram_carousel,True,False
как выставить карусель в инстаграм,ru,RU,all_regions,22,unknown,,yandex_wordstat_manual,2026-06-08,,инстаграм карусель,wordstat_top_queries-10,instagram_carousel,True,False
как делать карусель в инстаграм,ru,RU,all_regions,159,unknown,,yandex_wordstat_manual,2026-06-08,,инстаграм карусель,wordstat_top_queries-10,instagram_carousel,True,False
как делать посты карусели в инстаграм,ru,RU,all_regions,24,unknown,,yandex_wordstat_manual,2026-06-08,,инстаграм карусель,wordstat_top_queries-10,instagram_carousel,True,False
как добавить карусель в инстаграм,ru,RU,all_regions,154,unknown,,yandex_wordstat_manual,2026-06-08,,инстаграм карусель,wordstat_top_queries-10,instagram_carousel,True,False
как добавить пост карусель в инстаграм,ru,RU,all_regions,31,unknown,,yandex_wordstat_manual,2026-06-08,,инстаграм карусель,wordstat_top_queries-10,instagram_carousel,True,False
как загрузить карусель в инстаграм,ru,RU,all_regions,54,unknown,,yandex_wordstat_manual,2026-06-08,,инстаграм карусель,wordstat_top_queries-10,instagram_carousel,True,False
как изменить порядок фото в карусели инстаграм,ru,RU,all_regions,6,unknown,,yandex_wordstat_manual,2026-06-08,,инстаграм карусель,wordstat_top_queries-10,instagram_carousel,True,False
как изменить фото в карусели инстаграм,ru,RU,all_regions,12,unknown,,yandex_wordstat_manual,2026-06-08,,инстаграм карусель,wordstat_top_queries-10,instagram_carousel,True,False
как называется карусель в инстаграм,ru,RU,all_regions,24,unknown,,yandex_wordstat_manual,2026-06-08,,инстаграм карусель,wordstat_top_queries-10,instagram_carousel,True,False
как опубликовать карусель в инстаграм,ru,RU,all_regions,54,unknown,,yandex_wordstat_manual,2026-06-08,,инстаграм карусель,wordstat_top_queries-10,instagram_carousel,True,False
как разместить карусель в инстаграм,ru,RU,all_regions,19,unknown,,yandex_wordstat_manual,2026-06-08,,инстаграм карусель,wordstat_top_queries-10,instagram_carousel,True,False
как сделать бесконечную карусель в инстаграм,ru,RU,all_regions,16,unknown,,yandex_wordstat_manual,2026-06-08,,инстаграм карусель,wordstat_top_queries-10,instagram_carousel,True,False
как сделать бесшовную карусель в инстаграм,ru,RU,all_regions,70,unknown,,yandex_wordstat_manual,2026-06-08,,инстаграм карусель,wordstat_top_queries-10,instagram_carousel,True,False
как сделать видео на карусели ии бесплатно,ru,RU,all_regions,9,unknown,,yandex_wordstat_manual,2026-06-08,,карусель ии,wordstat_top_queries,ai_carousel,True,False
как сделать ии видео на карусели,ru,RU,all_regions,44,unknown,,yandex_wordstat_manual,2026-06-08,,карусель ии,wordstat_top_queries,ai_carousel,True,False
как сделать карусель в инстаграм,ru,RU,all_regions,1090,unknown,,yandex_wordstat_manual,2026-06-08,,инстаграм карусель,wordstat_top_queries-10,instagram_carousel,True,False
как сделать карусель в инстаграм с телефона,ru,RU,all_regions,29,unknown,,yandex_wordstat_manual,2026-06-08,,инстаграм карусель,wordstat_top_queries-10,instagram_carousel,True,False
как сделать карусель из видео в инстаграм,ru,RU,all_regions,15,unknown,,yandex_wordstat_manual,2026-06-08,,инстаграм карусель,wordstat_top_queries-10,instagram_carousel,True,False
как сделать карусель рилс в инстаграм,ru,RU,all_regions,245,unknown,,yandex_wordstat_manual,2026-06-08,,инстаграм карусель,wordstat_top_queries-10,instagram_carousel,True,False
как сделать карусель с музыкой в инстаграм,ru,RU,all_regions,17,unknown,,yandex_wordstat_manual,2026-06-08,,инстаграм карусель,wordstat_top_queries-10,instagram_carousel,True,False
как сделать карусель фото в инстаграм,ru,RU,all_regions,116,unknown,,yandex_wordstat_manual,2026-06-08,,инстаграм карусель,wordstat_top_queries-10,instagram_carousel,True,False
как сделать красивую карусель в инстаграм,ru,RU,all_regions,25,unknown,,yandex_wordstat_manual,2026-06-08,,инстаграм карусель,wordstat_top_queries-10,instagram_carousel,True,False
как сделать непрерывную карусель в инстаграме,ru,RU,all_regions,32,unknown,,yandex_wordstat_manual,2026-06-08,,инстаграм карусель,wordstat_top_queries-10,instagram_carousel,True,False
как сделать пост карусель в инстаграм,ru,RU,all_regions,182,unknown,,yandex_wordstat_manual,2026-06-08,,инстаграм карусель,wordstat_top_queries-10,instagram_carousel,True,False
как создать карусель в инстаграм,ru,RU,all_regions,185,unknown,,yandex_wordstat_manual,2026-06-08,,инстаграм карусель,wordstat_top_queries-10,instagram_carousel,True,False
как создать пост карусель в инстаграм,ru,RU,all_regions,30,unknown,,yandex_wordstat_manual,2026-06-08,,инстаграм карусель,wordstat_top_queries-10,instagram_carousel,True,False
какой размер карусели в инстаграм,ru,RU,all_regions,151,unknown,,yandex_wordstat_manual,2026-06-08,,инстаграм карусель,wordstat_top_queries-10,instagram_carousel,True,False
какой размер фото для карусели в инстаграм,ru,RU,all_regions,44,unknown,,yandex_wordstat_manual,2026-06-08,,инстаграм карусель,wordstat_top_queries-10,instagram_carousel,True,False
какой формат у карусели в инстаграм,ru,RU,all_regions,44,unknown,,yandex_wordstat_manual,2026-06-08,,инстаграм карусель,wordstat_top_queries-10,instagram_carousel,True,False
какой формат фото в карусели инстаграм,ru,RU,all_regions,50,unknown,,yandex_wordstat_manual,2026-06-08,,инстаграм карусель,wordstat_top_queries-10,instagram_carousel,True,False
какой формат фото для карусели в инстаграм,ru,RU,all_regions,27,unknown,,yandex_wordstat_manual,2026-06-08,,карусель для инстаграм,wordstat_top_queries-2,instagram_carousel,True,False
картинка для карусели инстаграм,ru,RU,all_regions,109,unknown,,yandex_wordstat_manual,2026-06-08,,инстаграм карусель,wordstat_top_queries-10,instagram_carousel,True,False
карусели для инстаграм ии,ru,RU,all_regions,145,unknown,,yandex_wordstat_manual,2026-06-08,,карусель ии,wordstat_top_queries,instagram_carousel,True,False
карусели ии для соц сетей,ru,RU,all_regions,10,unknown,,yandex_wordstat_manual,2026-06-08,,карусель ии,wordstat_top_queries,ai_carousel,True,False
карусель в инстаграм 2026,ru,RU,all_regions,204,unknown,,yandex_wordstat_manual,2026-06-08,,инстаграм карусель,wordstat_top_queries-10,instagram_carousel,True,False
карусель видео инстаграм,ru,RU,all_regions,199,unknown,,yandex_wordstat_manual,2026-06-08,,инстаграм карусель,wordstat_top_queries-10,instagram_carousel,True,False
карусель детства ии,ru,RU,all_regions,6,unknown,,yandex_wordstat_manual,2026-06-08,,карусель ии,wordstat_top_queries,ai_carousel,True,False
карусель для 9 картинок инстаграм,ru,RU,all_regions,5,unknown,,yandex_wordstat_manual,2026-06-08,,инстаграм карусель,wordstat_top_queries-10,instagram_carousel,True,False
карусель для инстаграм,ru,RU,all_regions,2383,unknown,,yandex_wordstat_manual,2026-06-08,,карусель для инстаграм,wordstat_top_queries-2,instagram_carousel,True,False
карусель для инстаграма бесплатно,ru,RU,all_regions,116,unknown,,yandex_wordstat_manual,2026-06-08,,инстаграм карусель,wordstat_top_queries-10,instagram_carousel,True,False
карусель ии,ru,RU,all_regions,1343,unknown,,yandex_wordstat_manual,2026-06-08,,карусель ии,wordstat_top_queries,ai_carousel,True,False
карусель инстаграм сколько фото,ru,RU,all_regions,131,unknown,,yandex_wordstat_manual,2026-06-08,,инстаграм карусель,wordstat_top_queries-10,instagram_carousel,True,False
карусель судьбы песня ии,ru,RU,all_regions,5,unknown,,yandex_wordstat_manual,2026-06-08,,карусель ии,wordstat_top_queries,ai_carousel,True,False
карусель фото в инстаграм,ru,RU,all_regions,987,unknown,,yandex_wordstat_manual,2026-06-08,,инстаграм карусель,wordstat_top_queries-10,instagram_carousel,True,False
карусель фото в инстаграм в рилс,ru,RU,all_regions,28,unknown,,yandex_wordstat_manual,2026-06-08,,инстаграм карусель,wordstat_top_queries-10,instagram_carousel,True,False
карусель фотографий в инстаграм,ru,RU,all_regions,88,unknown,,yandex_wordstat_manual,2026-06-08,,инстаграм карусель,wordstat_top_queries-10,instagram_carousel,True,False
конструктор для карусели в инстаграм,ru,RU,all_regions,5,unknown,,yandex_wordstat_manual,2026-06-08,,инстаграм карусель,wordstat_top_queries-10,instagram_carousel,True,False
красивая карусель в инстаграм,ru,RU,all_regions,67,unknown,,yandex_wordstat_manual,2026-06-08,,инстаграм карусель,wordstat_top_queries-10,instagram_carousel,True,False
лучшая нейросеть для написания постов,ru,RU,all_regions,30,unknown,,yandex_wordstat_manual,2026-06-08,,нейросеть для постов,wordstat_top_queries-4,social_content,True,False
лучшая нейросеть для постов,ru,RU,all_regions,65,unknown,,yandex_wordstat_manual,2026-06-08,,нейросеть для постов,wordstat_top_queries-4,social_content,True,False
лучший ии для написания постов,ru,RU,all_regions,30,unknown,,yandex_wordstat_manual,2026-06-08,,ии для постов,wordstat_top_queries-5,social_content,True,False
максимальное количество фото в карусели инстаграм,ru,RU,all_regions,11,unknown,,yandex_wordstat_manual,2026-06-08,,инстаграм карусель,wordstat_top_queries-10,instagram_carousel,True,False
музыка в карусель инстаграм,ru,RU,all_regions,54,unknown,,yandex_wordstat_manual,2026-06-08,,инстаграм карусель,wordstat_top_queries-10,instagram_carousel,True,False
написать пост для вк ии,ru,RU,all_regions,33,unknown,,yandex_wordstat_manual,2026-06-08,,ии для постов,wordstat_top_queries-5,social_content,True,False
написать пост для вк нейросеть,ru,RU,all_regions,117,unknown,,yandex_wordstat_manual,2026-06-08,,нейросеть для постов,wordstat_top_queries-4,social_content,True,False
написать пост для вк нейросеть бесплатно,ru,RU,all_regions,73,unknown,,yandex_wordstat_manual,2026-06-08,,нейросеть для постов,wordstat_top_queries-4,social_content,True,False
написать пост для нейросети,ru,RU,all_regions,548,unknown,,yandex_wordstat_manual,2026-06-08,,нейросеть для постов,wordstat_top_queries-4,social_content,True,False
написать пост для соцсетей нейросеть бесплатно,ru,RU,all_regions,49,unknown,,yandex_wordstat_manual,2026-06-08,,нейросеть для постов,wordstat_top_queries-4,social_content,True,False
написать пост для соцсетей с помощью ии,ru,RU,all_regions,141,unknown,,yandex_wordstat_manual,2026-06-08,,ии для постов,wordstat_top_queries-5,social_content,True,False
написать текст для поста нейросеть,ru,RU,all_regions,90,unknown,,yandex_wordstat_manual,2026-06-08,,нейросеть для постов,wordstat_top_queries-4,social_content,True,False
написать текст для поста нейросеть бесплатно,ru,RU,all_regions,46,unknown,,yandex_wordstat_manual,2026-06-08,,нейросеть для постов,wordstat_top_queries-4,social_content,True,False
написать текст для поста с помощью ии,ru,RU,all_regions,22,unknown,,yandex_wordstat_manual,2026-06-08,,ии для постов,wordstat_top_queries-5,social_content,True,False
напиши пост для соцсетей с нейросетью,ru,RU,all_regions,168,unknown,,yandex_wordstat_manual,2026-06-08,,нейросеть для постов,wordstat_top_queries-4,social_content,True,False
нейросети для генерации текста постов,ru,RU,all_regions,140,unknown,,yandex_wordstat_manual,2026-06-08,,нейросеть для постов,wordstat_top_queries-4,social_content,True,False
нейросети для постов онлайн бесплатно,ru,RU,all_regions,26,unknown,,yandex_wordstat_manual,2026-06-08,,нейросеть для постов,wordstat_top_queries-4,social_content,True,False
нейросети идеи для поста,ru,RU,all_regions,111,unknown,,yandex_wordstat_manual,2026-06-08,,нейросеть для постов,wordstat_top_queries-4,social_content,True,False
нейросети пост для соц сетей,ru,RU,all_regions,51,unknown,,yandex_wordstat_manual,2026-06-08,,нейросеть для постов,wordstat_top_queries-4,social_content,True,False
нейросеть видео карусель,ru,RU,all_regions,11,unknown,,yandex_wordstat_manual,2026-06-08,,карусель нейросеть,wordstat_top_queries-3,ai_carousel,True,False
нейросеть для генерации карусели,ru,RU,all_regions,14,unknown,,yandex_wordstat_manual,2026-06-08,,карусель нейросеть,wordstat_top_queries-3,ai_carousel,True,False
нейросеть для генерации поста,ru,RU,all_regions,392,unknown,,yandex_wordstat_manual,2026-06-08,,нейросеть для постов,wordstat_top_queries-4,social_content,True,False
нейросеть для генерации поста в вк,ru,RU,all_regions,7,unknown,,yandex_wordstat_manual,2026-06-08,,нейросеть для постов,wordstat_top_queries-4,social_content,True,False
нейросеть для генерации постов бесплатно,ru,RU,all_regions,41,unknown,,yandex_wordstat_manual,2026-06-08,,нейросеть для постов,wordstat_top_queries-4,social_content,True,False
нейросеть для генерации постов для соцсетей бесплатно,ru,RU,all_regions,28,unknown,,yandex_wordstat_manual,2026-06-08,,нейросеть для постов,wordstat_top_queries-4,social_content,True,False
нейросеть для каруселей,ru,RU,all_regions,310,unknown,,yandex_wordstat_manual,2026-06-08,,карусель нейросеть,wordstat_top_queries-3,ai_carousel,True,False
нейросеть для написания поста вк,ru,RU,all_regions,16,unknown,,yandex_wordstat_manual,2026-06-08,,нейросеть для постов,wordstat_top_queries-4,social_content,True,False
нейросеть для написания постов,ru,RU,all_regions,550,unknown,,yandex_wordstat_manual,2026-06-08,,нейросеть для постов,wordstat_top_queries-4,social_content,True,False
нейросеть для написания постов бесплатно,ru,RU,all_regions,115,unknown,,yandex_wordstat_manual,2026-06-08,,нейросеть для постов,wordstat_top_queries-4,social_content,True,False
нейросеть для написания постов для соцсетей,ru,RU,all_regions,111,unknown,,yandex_wordstat_manual,2026-06-08,,нейросеть для постов,wordstat_top_queries-4,social_content,True,False
нейросеть для написания текстов постов,ru,RU,all_regions,130,unknown,,yandex_wordstat_manual,2026-06-08,,нейросеть для постов,wordstat_top_queries-4,social_content,True,False
нейросеть для описания постов,ru,RU,all_regions,66,unknown,,yandex_wordstat_manual,2026-06-08,,нейросеть для постов,wordstat_top_queries-4,social_content,True,False
нейросеть для оформления постов,ru,RU,all_regions,16,unknown,,yandex_wordstat_manual,2026-06-08,,нейросеть для постов,wordstat_top_queries-4,social_content,True,False
нейросеть для постов,ru,RU,all_regions,2664,unknown,,yandex_wordstat_manual,2026-06-08,,нейросеть для постов,wordstat_top_queries-4,social_content,True,False
нейросеть для постов бесплатно,ru,RU,all_regions,575,unknown,,yandex_wordstat_manual,2026-06-08,,нейросеть для постов,wordstat_top_queries-4,social_content,True,False
нейросеть для постов бесплатно без регистрации,ru,RU,all_regions,14,unknown,,yandex_wordstat_manual,2026-06-08,,нейросеть для постов,wordstat_top_queries-4,social_content,True,False
нейросеть для постов бесплатно написания соцсетей,ru,RU,all_regions,74,unknown,,yandex_wordstat_manual,2026-06-08,,нейросеть для постов,wordstat_top_queries-4,social_content,True,False
нейросеть для постов в telegram,ru,RU,all_regions,6,unknown,,yandex_wordstat_manual,2026-06-08,,нейросеть для постов,wordstat_top_queries-4,social_content,True,False
нейросеть для постов в соц,ru,RU,all_regions,49,unknown,,yandex_wordstat_manual,2026-06-08,,нейросеть для постов,wordstat_top_queries-4,social_content,True,False
нейросеть для постов вк бесплатно,ru,RU,all_regions,84,unknown,,yandex_wordstat_manual,2026-06-08,,нейросеть для постов,wordstat_top_queries-4,social_content,True,False
нейросеть для постов гигачат,ru,RU,all_regions,11,unknown,,yandex_wordstat_manual,2026-06-08,,нейросеть для постов,wordstat_top_queries-4,social_content,True,False
нейросеть для постов инстаграм,ru,RU,all_regions,46,unknown,,yandex_wordstat_manual,2026-06-08,,нейросеть для постов,wordstat_top_queries-4,instagram_carousel,True,False
нейросеть для постов каруселей,ru,RU,all_regions,91,unknown,,yandex_wordstat_manual,2026-06-08,,карусель нейросеть,wordstat_top_queries-3,ai_carousel,True,False
нейросеть для создания картинок для постов,ru,RU,all_regions,32,unknown,,yandex_wordstat_manual,2026-06-08,,нейросеть для постов,wordstat_top_queries-4,social_content,True,False
нейросеть для создания каруселей,ru,RU,all_regions,173,unknown,,yandex_wordstat_manual,2026-06-08,,карусель нейросеть,wordstat_top_queries-3,ai_carousel,True,False
нейросеть для создания карусели бесплатно,ru,RU,all_regions,29,unknown,,yandex_wordstat_manual,2026-06-08,,карусель нейросеть,wordstat_top_queries-3,ai_carousel,True,False
нейросеть для создания карусели в инстаграм,ru,RU,all_regions,44,unknown,,yandex_wordstat_manual,2026-06-08,,инстаграм карусель,wordstat_top_queries-10,instagram_carousel,True,False
нейросеть для создания поста в сети,ru,RU,all_regions,49,unknown,,yandex_wordstat_manual,2026-06-08,,нейросеть для постов,wordstat_top_queries-4,social_content,True,False
нейросеть для создания поста в соцсети бесплатно,ru,RU,all_regions,12,unknown,,yandex_wordstat_manual,2026-06-08,,нейросеть для постов,wordstat_top_queries-4,social_content,True,False
нейросеть для создания постов,ru,RU,all_regions,445,unknown,,yandex_wordstat_manual,2026-06-08,,нейросеть для постов,wordstat_top_queries-4,social_content,True,False
нейросеть для создания постов в соц,ru,RU,all_regions,43,unknown,,yandex_wordstat_manual,2026-06-08,,нейросеть для постов,wordstat_top_queries-4,social_content,True,False
нейросеть для создания постов в соц сетях,ru,RU,all_regions,43,unknown,,yandex_wordstat_manual,2026-06-08,,нейросеть для постов,wordstat_top_queries-4,social_content,True,False
нейросеть для создания постов для вк,ru,RU,all_regions,27,unknown,,yandex_wordstat_manual,2026-06-08,,нейросеть для постов,wordstat_top_queries-4,social_content,True,False
нейросеть для создания постов каруселей,ru,RU,all_regions,58,unknown,,yandex_wordstat_manual,2026-06-08,,карусель нейросеть,wordstat_top_queries-3,ai_carousel,True,False
нейросеть для создания рекламных постов,ru,RU,all_regions,7,unknown,,yandex_wordstat_manual,2026-06-08,,нейросеть для постов,wordstat_top_queries-4,social_content,True,False
нейросеть для создания текста для постов,ru,RU,all_regions,90,unknown,,yandex_wordstat_manual,2026-06-08,,нейросеть для постов,wordstat_top_queries-4,social_content,True,False
нейросеть для фото постов,ru,RU,all_regions,81,unknown,,yandex_wordstat_manual,2026-06-08,,нейросеть для постов,wordstat_top_queries-4,social_content,True,False
нейросеть картинки для поста,ru,RU,all_regions,91,unknown,,yandex_wordstat_manual,2026-06-08,,нейросеть для постов,wordstat_top_queries-4,social_content,True,False
нейросеть карусель бесплатно,ru,RU,all_regions,69,unknown,,yandex_wordstat_manual,2026-06-08,,карусель нейросеть,wordstat_top_queries-3,ai_carousel,True,False
нейросеть карусель для инстаграма,ru,RU,all_regions,87,unknown,,yandex_wordstat_manual,2026-06-08,,карусель для инстаграм,wordstat_top_queries-2,instagram_carousel,True,False
нейросеть карусель инстаграм,ru,RU,all_regions,99,unknown,,yandex_wordstat_manual,2026-06-08,,инстаграм карусель,wordstat_top_queries-10,instagram_carousel,True,False
нейросеть которая делает карусели,ru,RU,all_regions,39,unknown,,yandex_wordstat_manual,2026-06-08,,карусель нейросеть,wordstat_top_queries-3,ai_carousel,True,False
нейросеть которая делает посты карусели,ru,RU,all_regions,28,unknown,,yandex_wordstat_manual,2026-06-08,,карусель нейросеть,wordstat_top_queries-3,ai_carousel,True,False
нейросеть которая создает карусель для инстаграм,ru,RU,all_regions,5,unknown,,yandex_wordstat_manual,2026-06-08,,инстаграм карусель,wordstat_top_queries-10,instagram_carousel,True,False
нейросеть написать пост для тг,ru,RU,all_regions,3,unknown,,yandex_wordstat_manual,2026-06-08,,нейросеть для постов,wordstat_top_queries-4,social_content,True,False
нейросеть онлайн для постов,ru,RU,all_regions,41,unknown,,yandex_wordstat_manual,2026-06-08,,нейросеть для постов,wordstat_top_queries-4,social_content,True,False
нейросеть пишет посты для для соцсетей,ru,RU,all_regions,15,unknown,,yandex_wordstat_manual,2026-06-08,,нейросеть для постов,wordstat_top_queries-4,social_content,True,False
нейросеть пост для телеграм,ru,RU,all_regions,17,unknown,,yandex_wordstat_manual,2026-06-08,,нейросеть для постов,wordstat_top_queries-4,social_content,True,False
нейросеть посты для wildberries,ru,RU,all_regions,7,unknown,,yandex_wordstat_manual,2026-06-08,,нейросеть для постов,wordstat_top_queries-4,social_content,True,False
нейросеть посты для соцсетей,ru,RU,all_regions,674,unknown,,yandex_wordstat_manual,2026-06-08,,нейросеть для постов,wordstat_top_queries-4,social_content,True,False
нейросеть сгенерировать пост для тг,ru,RU,all_regions,2,unknown,,yandex_wordstat_manual,2026-06-08,,нейросеть для постов,wordstat_top_queries-4,social_content,True,False
нейросеть текст для поста в вк,ru,RU,all_regions,23,unknown,,yandex_wordstat_manual,2026-06-08,,нейросеть для постов,wordstat_top_queries-4,social_content,True,False
нейросеть темы для постов,ru,RU,all_regions,78,unknown,,yandex_wordstat_manual,2026-06-08,,нейросеть для постов,wordstat_top_queries-4,social_content,True,False
непрерывная карусель в инстаграм,ru,RU,all_regions,33,unknown,,yandex_wordstat_manual,2026-06-08,,инстаграм карусель,wordstat_top_queries-10,instagram_carousel,True,False
оформление карусели в инстаграм,ru,RU,all_regions,22,unknown,,yandex_wordstat_manual,2026-06-08,,инстаграм карусель,wordstat_top_queries-10,instagram_carousel,True,False
поменять фото в карусели в инстаграме,ru,RU,all_regions,43,unknown,,yandex_wordstat_manual,2026-06-08,,инстаграм карусель,wordstat_top_queries-10,instagram_carousel,True,False
пост для социальных сетей нейросетью,ru,RU,all_regions,102,unknown,,yandex_wordstat_manual,2026-06-08,,нейросеть для постов,wordstat_top_queries-4,social_content,True,False
пост для соцсетей нейросеть бесплатно,ru,RU,all_regions,192,unknown,,yandex_wordstat_manual,2026-06-08,,нейросеть для постов,wordstat_top_queries-4,social_content,True,False
пост для соцсетей с помощью нейросети,ru,RU,all_regions,13,unknown,,yandex_wordstat_manual,2026-06-08,,нейросеть для постов,wordstat_top_queries-4,social_content,True,False
пост карусель в инстаграм 2026,ru,RU,all_regions,36,unknown,,yandex_wordstat_manual,2026-06-08,,инстаграм карусель,wordstat_top_queries-10,instagram_carousel,True,False
пост карусель в инстаграм как опубликовать,ru,RU,all_regions,20,unknown,,yandex_wordstat_manual,2026-06-08,,инстаграм карусель,wordstat_top_queries-10,instagram_carousel,True,False
пост карусель в инстаграм какой размер,ru,RU,all_regions,29,unknown,,yandex_wordstat_manual,2026-06-08,,инстаграм карусель,wordstat_top_queries-10,instagram_carousel,True,False
пост карусель для инстаграм,ru,RU,all_regions,232,unknown,,yandex_wordstat_manual,2026-06-08,,карусель для инстаграм,wordstat_top_queries-2,instagram_carousel,True,False
посты для вк нейросеть,ru,RU,all_regions,218,unknown,,yandex_wordstat_manual,2026-06-08,,нейросеть для постов,wordstat_top_queries-4,social_content,True,False
посты карусели в инстаграм,ru,RU,all_regions,828,unknown,,yandex_wordstat_manual,2026-06-08,,инстаграм карусель,wordstat_top_queries-10,instagram_carousel,True,False
посты карусели с помощью ии,ru,RU,all_regions,23,unknown,,yandex_wordstat_manual,2026-06-08,,карусель ии,wordstat_top_queries,ai_carousel,True,False
приложение для карусели в инстаграме,ru,RU,all_regions,281,unknown,,yandex_wordstat_manual,2026-06-08,,инстаграм карусель,wordstat_top_queries-10,instagram_carousel,True,False
приложение для карусели в инстаграме бесплатно,ru,RU,all_regions,45,unknown,,yandex_wordstat_manual,2026-06-08,,инстаграм карусель,wordstat_top_queries-10,instagram_carousel,True,False
приложение для создания карусели в инстаграм,ru,RU,all_regions,134,unknown,,yandex_wordstat_manual,2026-06-08,,инстаграм карусель,wordstat_top_queries-10,instagram_carousel,True,False
приложение для создания карусели в инстаграм бесплатно,ru,RU,all_regions,25,unknown,,yandex_wordstat_manual,2026-06-08,,инстаграм карусель,wordstat_top_queries-10,instagram_carousel,True,False
примеры карусели в инстаграм,ru,RU,all_regions,19,unknown,,yandex_wordstat_manual,2026-06-08,,инстаграм карусель,wordstat_top_queries-10,instagram_carousel,True,False
программа для карусели в инстаграме,ru,RU,all_regions,34,unknown,,yandex_wordstat_manual,2026-06-08,,инстаграм карусель,wordstat_top_queries-10,instagram_carousel,True,False
программа для создания карусели в инстаграм,ru,RU,all_regions,10,unknown,,yandex_wordstat_manual,2026-06-08,,инстаграм карусель,wordstat_top_queries-10,instagram_carousel,True,False
промт для ии для карусели,ru,RU,all_regions,16,unknown,,yandex_wordstat_manual,2026-06-08,,ии для карусели,wordstat_top_queries-6,ai_carousel,True,False
промт ии карусель,ru,RU,all_regions,27,unknown,,yandex_wordstat_manual,2026-06-08,,карусель ии,wordstat_top_queries,ai_carousel,True,False
публикация карусель в инстаграм,ru,RU,all_regions,170,unknown,,yandex_wordstat_manual,2026-06-08,,инстаграм карусель,wordstat_top_queries-10,instagram_carousel,True,False
размер для карусели в инстаграм,ru,RU,all_regions,208,unknown,,yandex_wordstat_manual,2026-06-08,,карусель для инстаграм,wordstat_top_queries-2,instagram_carousel,True,False
размер изображения для карусели инстаграм,ru,RU,all_regions,24,unknown,,yandex_wordstat_manual,2026-06-08,,инстаграм карусель,wordstat_top_queries-10,instagram_carousel,True,False
размер картинки для карусели в инстаграм,ru,RU,all_regions,26,unknown,,yandex_wordstat_manual,2026-06-08,,инстаграм карусель,wordstat_top_queries-10,instagram_carousel,True,False
размер карусели в инстаграм,ru,RU,all_regions,645,unknown,,yandex_wordstat_manual,2026-06-08,,инстаграм карусель,wordstat_top_queries-10,instagram_carousel,True,False
размер карусели инстаграм 2026,ru,RU,all_regions,104,unknown,,yandex_wordstat_manual,2026-06-08,,инстаграм карусель,wordstat_top_queries-10,instagram_carousel,True,False
размер пост карусели для инстаграм,ru,RU,all_regions,51,unknown,,yandex_wordstat_manual,2026-06-08,,карусель для инстаграм,wordstat_top_queries-2,instagram_carousel,True,False
размер поста карусели в инстаграм,ru,RU,all_regions,146,unknown,,yandex_wordstat_manual,2026-06-08,,инстаграм карусель,wordstat_top_queries-10,instagram_carousel,True,False
размер поста карусель в инстаграм 2026,ru,RU,all_regions,23,unknown,,yandex_wordstat_manual,2026-06-08,,инстаграм карусель,wordstat_top_queries-10,instagram_carousel,True,False
размер фото для карусели в инстаграм,ru,RU,all_regions,98,unknown,,yandex_wordstat_manual,2026-06-08,,инстаграм карусель,wordstat_top_queries-10,instagram_carousel,True,False
разрешение карусели в инстаграм,ru,RU,all_regions,24,unknown,,yandex_wordstat_manual,2026-06-08,,инстаграм карусель,wordstat_top_queries-10,instagram_carousel,True,False
реклама ий блок карусель,ru,RU,all_regions,5,unknown,,yandex_wordstat_manual,2026-06-08,,карусель ии,wordstat_top_queries,carousel_general,True,False
рекламный пост для нейросети,ru,RU,all_regions,23,unknown,,yandex_wordstat_manual,2026-06-08,,нейросеть для постов,wordstat_top_queries-4,social_content,True,False
сгенерировать пост для поста нейросеть,ru,RU,all_regions,74,unknown,,yandex_wordstat_manual,2026-06-08,,нейросеть для постов,wordstat_top_queries-4,social_content,True,False
сделать карусель для инстаграм,ru,RU,all_regions,277,unknown,,yandex_wordstat_manual,2026-06-08,,карусель для инстаграм,wordstat_top_queries-2,instagram_carousel,True,False
сделать карусель для инстаграм нейросеть,ru,RU,all_regions,5,unknown,,yandex_wordstat_manual,2026-06-08,,инстаграм карусель,wordstat_top_queries-10,instagram_carousel,True,False
сделать карусель для инстаграм онлайн,ru,RU,all_regions,36,unknown,,yandex_wordstat_manual,2026-06-08,,инстаграм карусель,wordstat_top_queries-10,instagram_carousel,True,False
сервис карусель ии,ru,RU,all_regions,9,unknown,,yandex_wordstat_manual,2026-06-08,,карусель ии,wordstat_top_queries,ai_carousel,True,False
скачать карусель из инстаграм,ru,RU,all_regions,37,unknown,,yandex_wordstat_manual,2026-06-08,,инстаграм карусель,wordstat_top_queries-10,instagram_carousel,True,False
скачать фото из карусели инстаграм,ru,RU,all_regions,17,unknown,,yandex_wordstat_manual,2026-06-08,,инстаграм карусель,wordstat_top_queries-10,instagram_carousel,True,False
сколько максимум картинок в карусели инстаграм,ru,RU,all_regions,8,unknown,,yandex_wordstat_manual,2026-06-08,,инстаграм карусель,wordstat_top_queries-10,instagram_carousel,True,False
сколько можно фото в карусель инстаграм,ru,RU,all_regions,79,unknown,,yandex_wordstat_manual,2026-06-08,,инстаграм карусель,wordstat_top_queries-10,instagram_carousel,True,False
сколько слайдов в карусели инстаграм,ru,RU,all_regions,34,unknown,,yandex_wordstat_manual,2026-06-08,,инстаграм карусель,wordstat_top_queries-10,instagram_carousel,True,False
сколько слайдов для карусели максимум в инстаграм,ru,RU,all_regions,14,unknown,,yandex_wordstat_manual,2026-06-08,,инстаграм карусель,wordstat_top_queries-10,instagram_carousel,True,False
сколько фото в карусели инстаграм максимум,ru,RU,all_regions,20,unknown,,yandex_wordstat_manual,2026-06-08,,инстаграм карусель,wordstat_top_queries-10,instagram_carousel,True,False
сколько фото можно добавить в карусель инстаграм,ru,RU,all_regions,41,unknown,,yandex_wordstat_manual,2026-06-08,,инстаграм карусель,wordstat_top_queries-10,instagram_carousel,True,False
создание каруселей для инстаграм,ru,RU,all_regions,400,unknown,,yandex_wordstat_manual,2026-06-08,,инстаграм карусель,wordstat_top_queries-10,instagram_carousel,True,False
создание каруселей с помощью ии,ru,RU,all_regions,5,unknown,,yandex_wordstat_manual,2026-06-08,,карусель ии,wordstat_top_queries,ai_carousel,True,False
создание карусели для инстаграм онлайн,ru,RU,all_regions,7,unknown,,yandex_wordstat_manual,2026-06-08,,инстаграм карусель,wordstat_top_queries-10,instagram_carousel,True,False
создание постов для соцсетей нейросеть,ru,RU,all_regions,73,unknown,,yandex_wordstat_manual,2026-06-08,,нейросеть для постов,wordstat_top_queries-4,social_content,True,False
создать ии текст для поста,ru,RU,all_regions,19,unknown,,yandex_wordstat_manual,2026-06-08,,ии для постов,wordstat_top_queries-5,social_content,True,False
создать карусель для инстаграм,ru,RU,all_regions,210,unknown,,yandex_wordstat_manual,2026-06-08,,карусель для инстаграм,wordstat_top_queries-2,instagram_carousel,True,False
создать карусель ии,ru,RU,all_regions,123,unknown,,yandex_wordstat_manual,2026-06-08,,карусель ии,wordstat_top_queries,ai_carousel,True,False
создать пост для вк ии,ru,RU,all_regions,19,unknown,,yandex_wordstat_manual,2026-06-08,,ии для постов,wordstat_top_queries-5,social_content,True,False
создать пост карусель ии,ru,RU,all_regions,38,unknown,,yandex_wordstat_manual,2026-06-08,,карусель ии,wordstat_top_queries,ai_carousel,True,False
создать текст для поста нейросеть,ru,RU,all_regions,60,unknown,,yandex_wordstat_manual,2026-06-08,,нейросеть для постов,wordstat_top_queries-4,social_content,True,False
соотношение сторон для карусели в инстаграм,ru,RU,all_regions,29,unknown,,yandex_wordstat_manual,2026-06-08,,инстаграм карусель,wordstat_top_queries-10,instagram_carousel,True,False
составить пост для социальной сети нейросеть бесплатно,ru,RU,all_regions,39,unknown,,yandex_wordstat_manual,2026-06-08,,нейросеть для постов,wordstat_top_queries-4,social_content,True,False
текст для ии карусель,ru,RU,all_regions,15,unknown,,yandex_wordstat_manual,2026-06-08,,карусель ии,wordstat_top_queries,ai_carousel,True,False
текст для поста нейросеть,ru,RU,all_regions,507,unknown,,yandex_wordstat_manual,2026-06-08,,нейросеть для постов,wordstat_top_queries-4,social_content,True,False
текст для поста нейросеть бесплатно,ru,RU,all_regions,115,unknown,,yandex_wordstat_manual,2026-06-08,,нейросеть для постов,wordstat_top_queries-4,social_content,True,False
темы для постов ии,ru,RU,all_regions,42,unknown,,yandex_wordstat_manual,2026-06-08,,ии для постов,wordstat_top_queries-5,social_content,True,False
тренд карусель ии,ru,RU,all_regions,68,unknown,,yandex_wordstat_manual,2026-06-08,,карусель ии,wordstat_top_queries,ai_carousel,True,False
тренд карусель ии бесплатно,ru,RU,all_regions,24,unknown,,yandex_wordstat_manual,2026-06-08,,карусель ии,wordstat_top_queries,ai_carousel,True,False
тренд карусель ии сделать,ru,RU,all_regions,6,unknown,,yandex_wordstat_manual,2026-06-08,,карусель ии,wordstat_top_queries,ai_carousel,True,False
удалить фото из карусели инстаграм,ru,RU,all_regions,23,unknown,,yandex_wordstat_manual,2026-06-08,,инстаграм карусель,wordstat_top_queries-10,instagram_carousel,True,False
фон для карусели в инстаграм,ru,RU,all_regions,64,unknown,,yandex_wordstat_manual,2026-06-08,,инстаграм карусель,wordstat_top_queries-10,instagram_carousel,True,False
формат для карусели в инстаграм,ru,RU,all_regions,149,unknown,,yandex_wordstat_manual,2026-06-08,,карусель для инстаграм,wordstat_top_queries-2,instagram_carousel,True,False
формат карусели в инстаграм,ru,RU,all_regions,652,unknown,,yandex_wordstat_manual,2026-06-08,,инстаграм карусель,wordstat_top_queries-10,instagram_carousel,True,False
формат карусели в инстаграм 2026,ru,RU,all_regions,99,unknown,,yandex_wordstat_manual,2026-06-08,,инстаграм карусель,wordstat_top_queries-10,instagram_carousel,True,False
формат карусели в инстаграм размер,ru,RU,all_regions,25,unknown,,yandex_wordstat_manual,2026-06-08,,инстаграм карусель,wordstat_top_queries-10,instagram_carousel,True,False
формат поста карусели в инстаграм,ru,RU,all_regions,89,unknown,,yandex_wordstat_manual,2026-06-08,,инстаграм карусель,wordstat_top_queries-10,instagram_carousel,True,False
формат публикации в инстаграм карусель,ru,RU,all_regions,38,unknown,,yandex_wordstat_manual,2026-06-08,,инстаграм карусель,wordstat_top_queries-10,instagram_carousel,True,False
формат фото для карусели в инстаграм,ru,RU,all_regions,83,unknown,,yandex_wordstat_manual,2026-06-08,,инстаграм карусель,wordstat_top_queries-10,instagram_carousel,True,False
фотки в карусели инстаграм,ru,RU,all_regions,50,unknown,,yandex_wordstat_manual,2026-06-08,,инстаграм карусель,wordstat_top_queries-10,instagram_carousel,True,False
фото для карусели в инстаграм,ru,RU,all_regions,226,unknown,,yandex_wordstat_manual,2026-06-08,,карусель для инстаграм,wordstat_top_queries-2,instagram_carousel,True,False
чат ии для поста,ru,RU,all_regions,53,unknown,,yandex_wordstat_manual,2026-06-08,,ии для постов,wordstat_top_queries-5,social_content,True,False
что значит карусель в инстаграме,ru,RU,all_regions,18,unknown,,yandex_wordstat_manual,2026-06-08,,инстаграм карусель,wordstat_top_queries-10,instagram_carousel,True,False
что такое карусель в инстаграм,ru,RU,all_regions,259,unknown,,yandex_wordstat_manual,2026-06-08,,инстаграм карусель,wordstat_top_queries-10,instagram_carousel,True,False
шаблоны для карусели в инстаграм,ru,RU,all_regions,97,unknown,,yandex_wordstat_manual,2026-06-08,,инстаграм карусель,wordstat_top_queries-10,instagram_carousel,True,False
